key_0,NDC Description,NDC,NADAC_Per_Unit,Effective_Date,Pricing_Unit,Pharmacy_Type_Indicator,OTC,Explanation_Code,Classification_for_Rate_Setting,Corresponding_Generic_Drug_NADAC_Per_Unit,Corresponding_Generic_Drug_Effective_Date,As of Date,Unnamed: 0,Ingredient,DF;Route,Trade_Name,Applicant,Strength,Appl_Type,Appl_No,Product_No,TE_Code,Approval_Date,RLD,RS,Type,Applicant_Full_Name,dosage_form,route
DALIRESP 500MCG ORAL,DALIRESP 500MCG TABLET,310009530,8.3454,11/18/2015,EA,C/I,N,2,B,,,12/30/2015,25954,ROFLUMILAST,TABLET;ORAL,DALIRESP,ASTRAZENECA PHARMS,500MCG,N,22522,1,AB,"Feb 28, 2011",Yes,Yes,RX,ASTRAZENECA PHARMACEUTICALS LP,TABLET,ORAL
DALIRESP 500MCG ORAL,DALIRESP 500MCG TABLET,456009511,8.3454,11/18/2015,EA,C/I,N,2,B,,,12/30/2015,25954,ROFLUMILAST,TABLET;ORAL,DALIRESP,ASTRAZENECA PHARMS,500MCG,N,22522,1,AB,"Feb 28, 2011",Yes,Yes,RX,ASTRAZENECA PHARMACEUTICALS LP,TABLET,ORAL
DALIRESP 500MCG ORAL,DALIRESP 500MCG TABLET,310009539,8.3454,11/18/2015,EA,C/I,N,2,B,,,12/30/2015,25954,ROFLUMILAST,TABLET;ORAL,DALIRESP,ASTRAZENECA PHARMS,500MCG,N,22522,1,AB,"Feb 28, 2011",Yes,Yes,RX,ASTRAZENECA PHARMACEUTICALS LP,TABLET,ORAL
DALIRESP 500MCG ORAL,DALIRESP 500MCG TABLET,310009590,8.3454,11/18/2015,EA,C/I,N,2,B,,,12/30/2015,25954,ROFLUMILAST,TABLET;ORAL,DALIRESP,ASTRAZENECA PHARMS,500MCG,N,22522,1,AB,"Feb 28, 2011",Yes,Yes,RX,ASTRAZENECA PHARMACEUTICALS LP,TABLET,ORAL
DALIRESP 500MCG ORAL,DALIRESP 500MCG TABLET,456009520,8.3454,11/18/2015,EA,C/I,N,2,B,,,12/30/2015,25954,ROFLUMILAST,TABLET;ORAL,DALIRESP,ASTRAZENECA PHARMS,500MCG,N,22522,1,AB,"Feb 28, 2011",Yes,Yes,RX,ASTRAZENECA PHARMACEUTICALS LP,TABLET,ORAL
DALIRESP 500MCG ORAL,DALIRESP 500MCG TABLET,456009590,7.568339999999999,07/01/2014,EA,C/I,N,2,B,,,12/31/2014,25954,ROFLUMILAST,TABLET;ORAL,DALIRESP,ASTRAZENECA PHARMS,500MCG,N,22522,1,AB,"Feb 28, 2011",Yes,Yes,RX,ASTRAZENECA PHARMACEUTICALS LP,TABLET,ORAL
DALIRESP 500MCG ORAL,DALIRESP 500MCG TABLET,456009563,7.568339999999999,07/01/2014,EA,C/I,N,2,B,,,12/31/2014,25954,ROFLUMILAST,TABLET;ORAL,DALIRESP,ASTRAZENECA PHARMS,500MCG,N,22522,1,AB,"Feb 28, 2011",Yes,Yes,RX,ASTRAZENECA PHARMACEUTICALS LP,TABLET,ORAL
DALIRESP 500MCG ORAL,DALIRESP 500MCG TABLET,456009530,7.568339999999999,07/01/2014,EA,C/I,N,2,B,,,12/31/2014,25954,ROFLUMILAST,TABLET;ORAL,DALIRESP,ASTRAZENECA PHARMS,500MCG,N,22522,1,AB,"Feb 28, 2011",Yes,Yes,RX,ASTRAZENECA PHARMACEUTICALS LP,TABLET,ORAL
FAZACLO ODT 25MG ORAL,FAZACLO 25MG ODT,18860010201,3.56779,06/17/2015,EA,C/I,N,4,B,,,12/30/2015,21801,CLOZAPINE,"TABLET, ORALLY DISINTEGRATING;ORAL",FAZACLO ODT,JAZZ,25MG,N,21590,1,,"Feb 10, 2004",Yes,No,DISCN,JAZZ PHARMACEUTICALS IRELAND LTD,"TABLET, ORALLY DISINTEGRATING",ORAL
FAZACLO ODT 25MG ORAL,FAZACLO 25MG ODT,18860010210,3.56779,06/17/2015,EA,C/I,N,4,B,,,12/30/2015,21801,CLOZAPINE,"TABLET, ORALLY DISINTEGRATING;ORAL",FAZACLO ODT,JAZZ,25MG,N,21590,1,,"Feb 10, 2004",Yes,No,DISCN,JAZZ PHARMACEUTICALS IRELAND LTD,"TABLET, ORALLY DISINTEGRATING",ORAL
HYSINGLA ER 60MG ORAL,HYSINGLA ER 60MG TABLET,59011027460,17.24663,07/22/2015,EA,C/I,N,2,B,,,12/30/2015,20280,HYDROCODONE BITARTRATE,"TABLET, EXTENDED RELEASE;ORAL",HYSINGLA ER,PURDUE PHARMA LP,60MG,N,206627,4,,"Nov 20, 2014",Yes,No,RX,PURDUE PHARMA LP,"TABLET, EXTENDED RELEASE",ORAL
GLYXAMBI 10MG;5MG ORAL,GLYXAMBI 10MG-5MG TABLET,597018230,16.39378,12/23/2015,EA,C/I,N,1,B,,,12/30/2015,28470,EMPAGLIFLOZIN; LINAGLIPTIN,TABLET;ORAL,GLYXAMBI,BOEHRINGER INGELHEIM,10MG;5MG,N,206073,1,,"Jan 30, 2015",Yes,No,RX,BOEHRINGER INGELHEIM,TABLET,ORAL
GLYXAMBI 10MG;5MG ORAL,GLYXAMBI 10MG-5MG TABLET,597018290,16.39378,12/23/2015,EA,C/I,N,1,B,,,12/30/2015,28470,EMPAGLIFLOZIN; LINAGLIPTIN,TABLET;ORAL,GLYXAMBI,BOEHRINGER INGELHEIM,10MG;5MG,N,206073,1,,"Jan 30, 2015",Yes,No,RX,BOEHRINGER INGELHEIM,TABLET,ORAL
GLYXAMBI 10MG;5MG ORAL,GLYXAMBI 10MG-5MG TABLET,597018239,16.26008,10/19/2016,EA,C/I,N,2,B,,,12/28/2016,28470,EMPAGLIFLOZIN; LINAGLIPTIN,TABLET;ORAL,GLYXAMBI,BOEHRINGER INGELHEIM,10MG;5MG,N,206073,1,,"Jan 30, 2015",Yes,No,RX,BOEHRINGER INGELHEIM,TABLET,ORAL
HYSINGLA ER 20MG ORAL,HYSINGLA ER 20MG TABLET,59011027160,6.5538300000000005,11/18/2015,EA,C/I,N,2,B,,,12/30/2015,20277,HYDROCODONE BITARTRATE,"TABLET, EXTENDED RELEASE;ORAL",HYSINGLA ER,PURDUE PHARMA LP,20MG,N,206627,1,,"Nov 20, 2014",Yes,Yes,RX,PURDUE PHARMA LP,"TABLET, EXTENDED RELEASE",ORAL
ENTRESTO 24MG;26MG ORAL,ENTRESTO 24MG-26MG TABLET,78065967,6.14958,12/23/2015,EA,C/I,N,1,B,,,12/30/2015,27057,SACUBITRIL; VALSARTAN,TABLET;ORAL,ENTRESTO,NOVARTIS PHARMS CORP,24MG;26MG,N,207620,1,,"Jul 7, 2015",Yes,No,RX,NOVARTIS PHARMACEUTICALS CORP,TABLET,ORAL
ENTRESTO 24MG;26MG ORAL,ENTRESTO 24MG-26MG TABLET,78065920,6.14958,12/23/2015,EA,C/I,N,1,B,,,12/30/2015,27057,SACUBITRIL; VALSARTAN,TABLET;ORAL,ENTRESTO,NOVARTIS PHARMS CORP,24MG;26MG,N,207620,1,,"Jul 7, 2015",Yes,No,RX,NOVARTIS PHARMACEUTICALS CORP,TABLET,ORAL
ENTRESTO 24MG;26MG ORAL,ENTRESTO 24MG-26MG TABLET,78065935,6.14958,12/23/2015,EA,C/I,N,1,B,,,12/30/2015,27057,SACUBITRIL; VALSARTAN,TABLET;ORAL,ENTRESTO,NOVARTIS PHARMS CORP,24MG;26MG,N,207620,1,,"Jul 7, 2015",Yes,No,RX,NOVARTIS PHARMACEUTICALS CORP,TABLET,ORAL
ENTRESTO 24MG;26MG ORAL,ENTRESTO 24MG-26MG TABLET,78065961,6.14958,12/23/2015,EA,C/I,N,1,B,,,12/30/2015,27057,SACUBITRIL; VALSARTAN,TABLET;ORAL,ENTRESTO,NOVARTIS PHARMS CORP,24MG;26MG,N,207620,1,,"Jul 7, 2015",Yes,No,RX,NOVARTIS PHARMACEUTICALS CORP,TABLET,ORAL
XIGDUO XR 10MG;500MG ORAL,XIGDUO XR 10MG-500MG TABLET,310627030,11.75743,10/21/2015,EA,C/I,N,4,B,,,12/30/2015,21595,DAPAGLIFLOZIN; METFORMIN HYDROCHLORIDE,"TABLET, EXTENDED RELEASE;ORAL",XIGDUO XR,ASTRAZENECA AB,10MG;500MG,N,205649,3,,"Oct 29, 2014",Yes,No,RX,ASTRAZENECA AB,"TABLET, EXTENDED RELEASE",ORAL
XIGDUO XR 5MG;500MG ORAL,XIGDUO XR 5MG-500MG TABLET,310625030,11.76675,10/01/2015,EA,C/I,N,2,B,,,12/30/2015,21593,DAPAGLIFLOZIN; METFORMIN HYDROCHLORIDE,"TABLET, EXTENDED RELEASE;ORAL",XIGDUO XR,ASTRAZENECA AB,5MG;500MG,N,205649,1,,"Oct 29, 2014",Yes,No,RX,ASTRAZENECA AB,"TABLET, EXTENDED RELEASE",ORAL
HYSINGLA ER 30MG ORAL,HYSINGLA ER 30MG TABLET,59011027260,9.46605,08/19/2015,EA,C/I,N,2,B,,,12/30/2015,20278,HYDROCODONE BITARTRATE,"TABLET, EXTENDED RELEASE;ORAL",HYSINGLA ER,PURDUE PHARMA LP,30MG,N,206627,2,,"Nov 20, 2014",Yes,No,RX,PURDUE PHARMA LP,"TABLET, EXTENDED RELEASE",ORAL
CARDIZEM LA 180MG ORAL,CARDIZEM LA 180MG TABLET,187204690,3.96643,04/08/2015,EA,C/I,N,4,B,2.25052,12/23/2015 12:00:00 AM,12/30/2015,19911,DILTIAZEM HYDROCHLORIDE,"TABLET, EXTENDED RELEASE;ORAL",CARDIZEM LA,BAUSCH,180MG,N,21392,2,AB,"Feb 6, 2003",Yes,No,RX,BAUSCH HEALTH US LLC,"TABLET, EXTENDED RELEASE",ORAL
CARDIZEM LA 180MG ORAL,CARDIZEM LA 180MG TABLET,74306130,3.80949,11/19/2014,EA,C/I,N,4,B,2.17206,12/17/2014 12:00:00 AM,12/31/2014,19911,DILTIAZEM HYDROCHLORIDE,"TABLET, EXTENDED RELEASE;ORAL",CARDIZEM LA,BAUSCH,180MG,N,21392,2,AB,"Feb 6, 2003",Yes,No,RX,BAUSCH HEALTH US LLC,"TABLET, EXTENDED RELEASE",ORAL
CARDIZEM LA 180MG ORAL,CARDIZEM LA 180MG TABLET,187204630,3.80949,11/19/2014,EA,C/I,N,4,B,2.17206,12/17/2014 12:00:00 AM,12/31/2014,19911,DILTIAZEM HYDROCHLORIDE,"TABLET, EXTENDED RELEASE;ORAL",CARDIZEM LA,BAUSCH,180MG,N,21392,2,AB,"Feb 6, 2003",Yes,No,RX,BAUSCH HEALTH US LLC,"TABLET, EXTENDED RELEASE",ORAL
CARDIZEM LA 180MG ORAL,CARDIZEM LA 180MG TABLET,74306190,3.80949,11/19/2014,EA,C/I,N,4,B,2.17206,12/17/2014 12:00:00 AM,12/31/2014,19911,DILTIAZEM HYDROCHLORIDE,"TABLET, EXTENDED RELEASE;ORAL",CARDIZEM LA,BAUSCH,180MG,N,21392,2,AB,"Feb 6, 2003",Yes,No,RX,BAUSCH HEALTH US LLC,"TABLET, EXTENDED RELEASE",ORAL
CHILDREN'S ADVIL 100MG/5ML ORAL,CHILDREN'S ADVIL 100MG/5ML,573029030,0.03677,08/19/2015,ML,C/I,Y,"2, 5",B,0.03088,11/18/2015 12:00:00 AM,11/18/2015,18521,IBUPROFEN,SUSPENSION;ORAL,CHILDREN'S ADVIL,GLAXOSMITHKLINE,100MG/5ML,N,19833,2,,"Sep 19, 1989",No,No,DISCN,GLAXOSMITHKLINE CONSUMER HEALTHCARE HOLDINGS US LLC,SUSPENSION,ORAL
CHILDREN'S ADVIL 100MG/5ML ORAL,CHILDREN'S ADVIL 100MG/5ML,573029030,0.03677,08/19/2015,ML,C/I,Y,"2, 5",B,0.03088,11/18/2015 12:00:00 AM,11/18/2015,18522,IBUPROFEN,SUSPENSION;ORAL,CHILDREN'S ADVIL,GLAXOSMITHKLINE,100MG/5ML,N,20589,1,,"Jun 27, 1996",No,No,OTC,GLAXOSMITHKLINE CONSUMER HEALTHCARE HOLDINGS US LLC,SUSPENSION,ORAL
CHILDREN'S ADVIL 100MG/5ML ORAL,CHILDREN'S ADVIL 100MG/5ML,573017130,0.03621,07/23/2014,ML,C/I,Y,"2, 5",B,0.0324,12/17/2014 12:00:00 AM,12/31/2014,18521,IBUPROFEN,SUSPENSION;ORAL,CHILDREN'S ADVIL,GLAXOSMITHKLINE,100MG/5ML,N,19833,2,,"Sep 19, 1989",No,No,DISCN,GLAXOSMITHKLINE CONSUMER HEALTHCARE HOLDINGS US LLC,SUSPENSION,ORAL
CHILDREN'S ADVIL 100MG/5ML ORAL,CHILDREN'S ADVIL 100MG/5ML,573017130,0.03621,07/23/2014,ML,C/I,Y,"2, 5",B,0.0324,12/17/2014 12:00:00 AM,12/31/2014,18522,IBUPROFEN,SUSPENSION;ORAL,CHILDREN'S ADVIL,GLAXOSMITHKLINE,100MG/5ML,N,20589,1,,"Jun 27, 1996",No,No,OTC,GLAXOSMITHKLINE CONSUMER HEALTHCARE HOLDINGS US LLC,SUSPENSION,ORAL
CHILDREN'S ADVIL 100MG/5ML ORAL,CHILDREN'S ADVIL 100MG/5ML,573017030,0.03621,07/23/2014,ML,C/I,Y,"2, 5, 6",B,0.0324,12/17/2014 12:00:00 AM,12/31/2014,18521,IBUPROFEN,SUSPENSION;ORAL,CHILDREN'S ADVIL,GLAXOSMITHKLINE,100MG/5ML,N,19833,2,,"Sep 19, 1989",No,No,DISCN,GLAXOSMITHKLINE CONSUMER HEALTHCARE HOLDINGS US LLC,SUSPENSION,ORAL
CHILDREN'S ADVIL 100MG/5ML ORAL,CHILDREN'S ADVIL 100MG/5ML,573017030,0.03621,07/23/2014,ML,C/I,Y,"2, 5, 6",B,0.0324,12/17/2014 12:00:00 AM,12/31/2014,18522,IBUPROFEN,SUSPENSION;ORAL,CHILDREN'S ADVIL,GLAXOSMITHKLINE,100MG/5ML,N,20589,1,,"Jun 27, 1996",No,No,OTC,GLAXOSMITHKLINE CONSUMER HEALTHCARE HOLDINGS US LLC,SUSPENSION,ORAL
CHILDREN'S ADVIL 100MG/5ML ORAL,CHILDREN'S ADVIL 100MG/5ML,573023230,0.03621,12/17/2014,ML,C/I,Y,"2, 5",B,0.0324,12/17/2014 12:00:00 AM,12/31/2014,18521,IBUPROFEN,SUSPENSION;ORAL,CHILDREN'S ADVIL,GLAXOSMITHKLINE,100MG/5ML,N,19833,2,,"Sep 19, 1989",No,No,DISCN,GLAXOSMITHKLINE CONSUMER HEALTHCARE HOLDINGS US LLC,SUSPENSION,ORAL
CHILDREN'S ADVIL 100MG/5ML ORAL,CHILDREN'S ADVIL 100MG/5ML,573023230,0.03621,12/17/2014,ML,C/I,Y,"2, 5",B,0.0324,12/17/2014 12:00:00 AM,12/31/2014,18522,IBUPROFEN,SUSPENSION;ORAL,CHILDREN'S ADVIL,GLAXOSMITHKLINE,100MG/5ML,N,20589,1,,"Jun 27, 1996",No,No,OTC,GLAXOSMITHKLINE CONSUMER HEALTHCARE HOLDINGS US LLC,SUSPENSION,ORAL
CHILDREN'S ADVIL 100MG/5ML ORAL,CHILDREN'S ADVIL 100MG/5ML,573017430,0.03621,07/23/2014,ML,C/I,Y,"2, 5",B,0.0324,12/17/2014 12:00:00 AM,12/31/2014,18521,IBUPROFEN,SUSPENSION;ORAL,CHILDREN'S ADVIL,GLAXOSMITHKLINE,100MG/5ML,N,19833,2,,"Sep 19, 1989",No,No,DISCN,GLAXOSMITHKLINE CONSUMER HEALTHCARE HOLDINGS US LLC,SUSPENSION,ORAL
CHILDREN'S ADVIL 100MG/5ML ORAL,CHILDREN'S ADVIL 100MG/5ML,573017430,0.03621,07/23/2014,ML,C/I,Y,"2, 5",B,0.0324,12/17/2014 12:00:00 AM,12/31/2014,18522,IBUPROFEN,SUSPENSION;ORAL,CHILDREN'S ADVIL,GLAXOSMITHKLINE,100MG/5ML,N,20589,1,,"Jun 27, 1996",No,No,OTC,GLAXOSMITHKLINE CONSUMER HEALTHCARE HOLDINGS US LLC,SUSPENSION,ORAL
NASCOBAL 0.5MG/SPRAY NASAL,NASCOBAL 500MCG NASAL SPRAY,49884027082,95.35577,06/17/2015,EA,C/I,N,"2, 5",B,,,12/30/2015,18192,CYANOCOBALAMIN,"SPRAY, METERED;NASAL",NASCOBAL,ENDO PHARMS INC,0.5MG/SPRAY,N,21642,1,AB,"Jan 31, 2005",Yes,Yes,RX,ENDO PHARMACEUTICALS INC,"SPRAY, METERED",NASAL
NASCOBAL 0.5MG/SPRAY NASAL,NASCOBAL 500MCG NASAL SPRAY,49884027086,269.57672,01/06/2014,ML,C/I,N,"2, 5",B,,,12/31/2014,18192,CYANOCOBALAMIN,"SPRAY, METERED;NASAL",NASCOBAL,ENDO PHARMS INC,0.5MG/SPRAY,N,21642,1,AB,"Jan 31, 2005",Yes,Yes,RX,ENDO PHARMACEUTICALS INC,"SPRAY, METERED",NASAL
ENTRESTO 49MG;51MG ORAL,ENTRESTO 49MG-51MG TABLET,78077767,6.12097,12/23/2015,EA,C/I,N,1,B,,,12/30/2015,27058,SACUBITRIL; VALSARTAN,TABLET;ORAL,ENTRESTO,NOVARTIS PHARMS CORP,49MG;51MG,N,207620,2,,"Jul 7, 2015",Yes,No,RX,NOVARTIS PHARMACEUTICALS CORP,TABLET,ORAL
ENTRESTO 49MG;51MG ORAL,ENTRESTO 49MG-51MG TABLET,78077735,6.12097,12/23/2015,EA,C/I,N,1,B,,,12/30/2015,27058,SACUBITRIL; VALSARTAN,TABLET;ORAL,ENTRESTO,NOVARTIS PHARMS CORP,49MG;51MG,N,207620,2,,"Jul 7, 2015",Yes,No,RX,NOVARTIS PHARMACEUTICALS CORP,TABLET,ORAL
ENTRESTO 49MG;51MG ORAL,ENTRESTO 49MG-51MG TABLET,78077761,6.12097,12/23/2015,EA,C/I,N,1,B,,,12/30/2015,27058,SACUBITRIL; VALSARTAN,TABLET;ORAL,ENTRESTO,NOVARTIS PHARMS CORP,49MG;51MG,N,207620,2,,"Jul 7, 2015",Yes,No,RX,NOVARTIS PHARMACEUTICALS CORP,TABLET,ORAL
ENTRESTO 49MG;51MG ORAL,ENTRESTO 49MG-51MG TABLET,78077720,6.12097,12/23/2015,EA,C/I,N,1,B,,,12/30/2015,27058,SACUBITRIL; VALSARTAN,TABLET;ORAL,ENTRESTO,NOVARTIS PHARMS CORP,49MG;51MG,N,207620,2,,"Jul 7, 2015",Yes,No,RX,NOVARTIS PHARMACEUTICALS CORP,TABLET,ORAL
GLYXAMBI 25MG;5MG ORAL,GLYXAMBI 25MG-5MG TABLET,597016490,16.29751,09/24/2015,EA,C/I,N,2,B,,,12/30/2015,28471,EMPAGLIFLOZIN; LINAGLIPTIN,TABLET;ORAL,GLYXAMBI,BOEHRINGER INGELHEIM,25MG;5MG,N,206073,2,,"Jan 30, 2015",Yes,Yes,RX,BOEHRINGER INGELHEIM,TABLET,ORAL
GLYXAMBI 25MG;5MG ORAL,GLYXAMBI 25MG-5MG TABLET,597016430,16.29751,09/24/2015,EA,C/I,N,2,B,,,12/30/2015,28471,EMPAGLIFLOZIN; LINAGLIPTIN,TABLET;ORAL,GLYXAMBI,BOEHRINGER INGELHEIM,25MG;5MG,N,206073,2,,"Jan 30, 2015",Yes,Yes,RX,BOEHRINGER INGELHEIM,TABLET,ORAL
GLYXAMBI 25MG;5MG ORAL,GLYXAMBI 25MG-5MG TABLET,597016439,16.35359,12/21/2016,EA,C/I,N,1,B,,,12/28/2016,28471,EMPAGLIFLOZIN; LINAGLIPTIN,TABLET;ORAL,GLYXAMBI,BOEHRINGER INGELHEIM,25MG;5MG,N,206073,2,,"Jan 30, 2015",Yes,Yes,RX,BOEHRINGER INGELHEIM,TABLET,ORAL
HYSINGLA ER 40MG ORAL,HYSINGLA ER 40MG TABLET,59011027360,12.44542,04/22/2015,EA,C/I,N,2,B,,,12/30/2015,20279,HYDROCODONE BITARTRATE,"TABLET, EXTENDED RELEASE;ORAL",HYSINGLA ER,PURDUE PHARMA LP,40MG,N,206627,3,,"Nov 20, 2014",Yes,No,RX,PURDUE PHARMA LP,"TABLET, EXTENDED RELEASE",ORAL
ENTRESTO 97MG;103MG ORAL,ENTRESTO 97MG-103MG TABLET,78069620,5.99931,12/23/2015,EA,C/I,N,1,B,,,12/30/2015,27059,SACUBITRIL; VALSARTAN,TABLET;ORAL,ENTRESTO,NOVARTIS PHARMS CORP,97MG;103MG,N,207620,3,,"Jul 7, 2015",Yes,Yes,RX,NOVARTIS PHARMACEUTICALS CORP,TABLET,ORAL
ENTRESTO 97MG;103MG ORAL,ENTRESTO 97MG-103MG TABLET,78069635,5.99931,12/23/2015,EA,C/I,N,1,B,,,12/30/2015,27059,SACUBITRIL; VALSARTAN,TABLET;ORAL,ENTRESTO,NOVARTIS PHARMS CORP,97MG;103MG,N,207620,3,,"Jul 7, 2015",Yes,Yes,RX,NOVARTIS PHARMACEUTICALS CORP,TABLET,ORAL
ENTRESTO 97MG;103MG ORAL,ENTRESTO 97MG-103MG TABLET,78069667,5.99931,12/23/2015,EA,C/I,N,1,B,,,12/30/2015,27059,SACUBITRIL; VALSARTAN,TABLET;ORAL,ENTRESTO,NOVARTIS PHARMS CORP,97MG;103MG,N,207620,3,,"Jul 7, 2015",Yes,Yes,RX,NOVARTIS PHARMACEUTICALS CORP,TABLET,ORAL
ENTRESTO 97MG;103MG ORAL,ENTRESTO 97MG-103MG TABLET,78069661,5.99931,12/23/2015,EA,C/I,N,1,B,,,12/30/2015,27059,SACUBITRIL; VALSARTAN,TABLET;ORAL,ENTRESTO,NOVARTIS PHARMS CORP,97MG;103MG,N,207620,3,,"Jul 7, 2015",Yes,Yes,RX,NOVARTIS PHARMACEUTICALS CORP,TABLET,ORAL
ARNUITY ELLIPTA 0.2MG/INH INHALATION,ARNUITY ELLIPTA 100MCG INHALATION,173087410,4.79552,01/01/2016,EA,C/I,N,"3, 5",B,,,12/30/2015,15483,FLUTICASONE FUROATE,POWDER;INHALATION,ARNUITY ELLIPTA,GLAXOSMITHKLINE,0.2MG/INH,N,205625,2,,"Aug 20, 2014",Yes,Yes,RX,GLAXOSMITHKLINE INTELLECTUAL PROPERTY DEVELOPMENT LTD ENGLAND,POWDER,INHALATION
ARNUITY ELLIPTA 0.2MG/INH INHALATION,ARNUITY ELLIPTA 50MCG INHALATION,173088810,5.53989,06/19/2019,EA,C/I,N,"2, 5",B,,,12/25/2019,15483,FLUTICASONE FUROATE,POWDER;INHALATION,ARNUITY ELLIPTA,GLAXOSMITHKLINE,0.2MG/INH,N,205625,2,,"Aug 20, 2014",Yes,Yes,RX,GLAXOSMITHKLINE INTELLECTUAL PROPERTY DEVELOPMENT LTD ENGLAND,POWDER,INHALATION
IMITREX 20MG/SPRAY NASAL,IMITREX 5MG NASAL SPRAY,173052400,65.52163,01/01/2016,EA,C/I,N,"3, 5",B,,,12/30/2015,18219,SUMATRIPTAN,SPRAY;NASAL,IMITREX,GLAXOSMITHKLINE,20MG/SPRAY,N,20626,3,AB,"Aug 26, 1997",Yes,Yes,RX,GLAXOSMITHKLINE,SPRAY,NASAL
IMITREX 20MG/SPRAY NASAL,IMITREX 20MG NASAL SPRAY,173052300,46.45093,08/20/2014,EA,C/I,N,"4, 5",B,,,12/31/2014,18219,SUMATRIPTAN,SPRAY;NASAL,IMITREX,GLAXOSMITHKLINE,20MG/SPRAY,N,20626,3,AB,"Aug 26, 1997",Yes,Yes,RX,GLAXOSMITHKLINE,SPRAY,NASAL
AZULFIDINE EN-TABS 500MG ORAL,AZULFIDINE ENTAB 500MG,13010220,1.03381,06/01/2014,EA,C/I,N,4,B,0.20753,12/17/2014 12:00:00 AM,12/31/2014,19404,SULFASALAZINE,"TABLET, DELAYED RELEASE;ORAL",AZULFIDINE EN-TABS,PHARMACIA AND UPJOHN,500MG,N,7073,2,AB,"Apr 6, 1983",Yes,Yes,RX,PHARMACIA AND UPJOHN CO,"TABLET, DELAYED RELEASE",ORAL
AZULFIDINE EN-TABS 500MG ORAL,AZULFIDINE ENTAB 500MG,13010201,1.03381,06/01/2014,EA,C/I,N,4,B,0.20753,12/17/2014 12:00:00 AM,12/31/2014,19404,SULFASALAZINE,"TABLET, DELAYED RELEASE;ORAL",AZULFIDINE EN-TABS,PHARMACIA AND UPJOHN,500MG,N,7073,2,AB,"Apr 6, 1983",Yes,Yes,RX,PHARMACIA AND UPJOHN CO,"TABLET, DELAYED RELEASE",ORAL
EPIVIR-HBV 100MG ORAL,EPIVIR HBV 100MG TABLET,173066200,14.36716,01/03/2014,EA,C/I,N,2,B,10.99946,12/17/2014 12:00:00 AM,12/31/2014,27065,LAMIVUDINE,TABLET;ORAL,EPIVIR-HBV,GLAXOSMITHKLINE,100MG,N,21003,1,AB,"Dec 8, 1998",Yes,Yes,RX,GLAXOSMITHKLINE,TABLET,ORAL
BETAPACE AF 80MG ORAL,BETAPACE AF 80MG TABLET,50419011506,7.9189,12/23/2014,EA,C/I,N,3,B,0.10889,12/17/2014 12:00:00 AM,12/31/2014,23963,SOTALOL HYDROCHLORIDE,TABLET;ORAL,BETAPACE AF,COVIS PHARMA BV,80MG,N,21151,1,AB,"Feb 22, 2000",Yes,No,RX,COVIS PHARMA BV,TABLET,ORAL
WELLBUTRIN XL 300MG ORAL,WELLBUTRIN XL 300MG TABLET,64455073130,12.77069,11/21/2013,EA,C/I,N,2,B,0.5875600000000001,12/18/2013 12:00:00 AM,12/25/2013,21583,BUPROPION HYDROCHLORIDE,"TABLET, EXTENDED RELEASE;ORAL",WELLBUTRIN XL,VALEANT INTL,300MG,N,21515,2,AB3,"Aug 28, 2003",Yes,Yes,RX,VALEANT INTERNATIONAL BARBADOS SRL,"TABLET, EXTENDED RELEASE",ORAL
WELLBUTRIN XL 300MG ORAL,WELLBUTRIN XL 300MG TABLET,187073130,28.92196,12/22/2014,EA,C/I,N,3,B,0.76377,12/17/2014 12:00:00 AM,12/31/2014,21583,BUPROPION HYDROCHLORIDE,"TABLET, EXTENDED RELEASE;ORAL",WELLBUTRIN XL,VALEANT INTL,300MG,N,21515,2,AB3,"Aug 28, 2003",Yes,Yes,RX,VALEANT INTERNATIONAL BARBADOS SRL,"TABLET, EXTENDED RELEASE",ORAL
MYAMBUTOL 400MG ORAL,MYAMBUTOL 400MG TABLET,68850001201,0.7174699999999999,05/21/2014,EA,C/I,N,4,B,0.98155,12/17/2014 12:00:00 AM,12/31/2014,32266,ETHAMBUTOL HYDROCHLORIDE,TABLET;ORAL,MYAMBUTOL,STI PHARMA LLC,400MG,N,16320,3,AB,"Approved Prior to Jan 1, 1982",Yes,Yes,RX,STI PHARMA LLC,TABLET,ORAL
MYAMBUTOL 400MG ORAL,MYAMBUTOL 400MG TABLET,68850001202,0.7174699999999999,05/21/2014,EA,C/I,N,4,B,0.98155,12/17/2014 12:00:00 AM,12/31/2014,32266,ETHAMBUTOL HYDROCHLORIDE,TABLET;ORAL,MYAMBUTOL,STI PHARMA LLC,400MG,N,16320,3,AB,"Approved Prior to Jan 1, 1982",Yes,Yes,RX,STI PHARMA LLC,TABLET,ORAL
JENTADUETO 2.5MG;500MG ORAL,JENTADUETO 2.5MG-500MG TABLET ORAL,597014618,4.84555,12/17/2014,EA,C/I,N,1,B,,,12/31/2014,29848,LINAGLIPTIN; METFORMIN HYDROCHLORIDE,TABLET;ORAL,JENTADUETO,BOEHRINGER INGELHEIM,2.5MG;500MG,N,201281,1,,"Jan 30, 2012",Yes,No,RX,BOEHRINGER INGELHEIM PHARMACEUTICALS INC,TABLET,ORAL
JENTADUETO 2.5MG;500MG ORAL,JENTADUETO 2.5MG-500MG TABLET ORAL,597014660,4.84555,12/17/2014,EA,C/I,N,1,B,,,12/31/2014,29848,LINAGLIPTIN; METFORMIN HYDROCHLORIDE,TABLET;ORAL,JENTADUETO,BOEHRINGER INGELHEIM,2.5MG;500MG,N,201281,1,,"Jan 30, 2012",Yes,No,RX,BOEHRINGER INGELHEIM PHARMACEUTICALS INC,TABLET,ORAL
AMBIEN CR 6.25MG ORAL,AMBIEN CR 6.25MG TABLET,24550131,11.64642,10/24/2014,EA,C/I,N,4,B,2.23317,12/17/2014 12:00:00 AM,12/31/2014,19780,ZOLPIDEM TARTRATE,"TABLET, EXTENDED RELEASE;ORAL",AMBIEN CR,SANOFI AVENTIS US,6.25MG,N,21774,2,AB,"Sep 2, 2005",Yes,No,RX,SANOFI AVENTIS US LLC,"TABLET, EXTENDED RELEASE",ORAL
JENTADUETO 2.5MG;850MG ORAL,JENTADUETO 2.5MG-850MG TABLET ORAL,597014760,4.87295,08/07/2014,EA,C/I,N,2,B,,,12/31/2014,29849,LINAGLIPTIN; METFORMIN HYDROCHLORIDE,TABLET;ORAL,JENTADUETO,BOEHRINGER INGELHEIM,2.5MG;850MG,N,201281,2,,"Jan 30, 2012",Yes,No,RX,BOEHRINGER INGELHEIM PHARMACEUTICALS INC,TABLET,ORAL
JENTADUETO 2.5MG;850MG ORAL,JENTADUETO 2.5MG-850MG TABLET ORAL,597014718,4.87295,08/07/2014,EA,C/I,N,2,B,,,12/31/2014,29849,LINAGLIPTIN; METFORMIN HYDROCHLORIDE,TABLET;ORAL,JENTADUETO,BOEHRINGER INGELHEIM,2.5MG;850MG,N,201281,2,,"Jan 30, 2012",Yes,No,RX,BOEHRINGER INGELHEIM PHARMACEUTICALS INC,TABLET,ORAL
TRILEPTAL 300MG ORAL,TRILEPTAL 300MG TABLET,78033705,4.83934,01/03/2014,EA,C/I,N,4,B,0.20437,12/17/2014 12:00:00 AM,12/31/2014,37507,OXCARBAZEPINE,TABLET;ORAL,TRILEPTAL,NOVARTIS,300MG,N,21014,2,AB,"Jan 14, 2000",Yes,No,RX,NOVARTIS PHARMACEUTICALS CORP,TABLET,ORAL
TRILEPTAL 300MG ORAL,TRILEPTAL 300MG TABLET,78033761,4.83934,01/03/2014,EA,C/I,N,4,B,0.20437,12/17/2014 12:00:00 AM,12/31/2014,37507,OXCARBAZEPINE,TABLET;ORAL,TRILEPTAL,NOVARTIS,300MG,N,21014,2,AB,"Jan 14, 2000",Yes,No,RX,NOVARTIS PHARMACEUTICALS CORP,TABLET,ORAL
MIRAPEX ER 0.75MG ORAL,MIRAPEX ER 0.75MG TABLET,597028517,13.06943,01/07/2014,EA,C/I,N,4,B,,,12/31/2014,20748,PRAMIPEXOLE DIHYDROCHLORIDE,"TABLET, EXTENDED RELEASE;ORAL",MIRAPEX ER,BOEHRINGER INGELHEIM,0.75MG,N,22421,2,AB,"Feb 19, 2010",Yes,No,RX,BOEHRINGER INGELHEIM PHARMACEUTICALS INC,"TABLET, EXTENDED RELEASE",ORAL
MIRAPEX ER 0.75MG ORAL,MIRAPEX ER 0.75MG TABLET,597028530,13.06943,01/07/2014,EA,C/I,N,4,B,,,12/31/2014,20748,PRAMIPEXOLE DIHYDROCHLORIDE,"TABLET, EXTENDED RELEASE;ORAL",MIRAPEX ER,BOEHRINGER INGELHEIM,0.75MG,N,22421,2,AB,"Feb 19, 2010",Yes,No,RX,BOEHRINGER INGELHEIM PHARMACEUTICALS INC,"TABLET, EXTENDED RELEASE",ORAL
CARDIZEM LA 360MG ORAL,CARDIZEM LA 360MG TABLET,74306430,5.75462,11/19/2014,EA,C/I,N,4,B,3.61019,12/17/2014 12:00:00 AM,12/31/2014,19914,DILTIAZEM HYDROCHLORIDE,"TABLET, EXTENDED RELEASE;ORAL",CARDIZEM LA,BAUSCH,360MG,N,21392,5,AB,"Feb 6, 2003",Yes,No,RX,BAUSCH HEALTH US LLC,"TABLET, EXTENDED RELEASE",ORAL
CARDIZEM LA 360MG ORAL,CARDIZEM LA 360MG TABLET,187204930,5.75462,11/19/2014,EA,C/I,N,4,B,3.61019,12/17/2014 12:00:00 AM,12/31/2014,19914,DILTIAZEM HYDROCHLORIDE,"TABLET, EXTENDED RELEASE;ORAL",CARDIZEM LA,BAUSCH,360MG,N,21392,5,AB,"Feb 6, 2003",Yes,No,RX,BAUSCH HEALTH US LLC,"TABLET, EXTENDED RELEASE",ORAL
CARDIZEM LA 360MG ORAL,CARDIZEM LA 360MG TABLET,74306490,5.75462,11/19/2014,EA,C/I,N,4,B,3.61019,12/17/2014 12:00:00 AM,12/31/2014,19914,DILTIAZEM HYDROCHLORIDE,"TABLET, EXTENDED RELEASE;ORAL",CARDIZEM LA,BAUSCH,360MG,N,21392,5,AB,"Feb 6, 2003",Yes,No,RX,BAUSCH HEALTH US LLC,"TABLET, EXTENDED RELEASE",ORAL
CARDIZEM LA 360MG ORAL,CARDIZEM LA 360MG TABLET,187204990,6.04615,02/03/2016,EA,C/I,N,4,B,3.3991,05/18/2016 12:00:00 AM,06/15/2016,19914,DILTIAZEM HYDROCHLORIDE,"TABLET, EXTENDED RELEASE;ORAL",CARDIZEM LA,BAUSCH,360MG,N,21392,5,AB,"Feb 6, 2003",Yes,No,RX,BAUSCH HEALTH US LLC,"TABLET, EXTENDED RELEASE",ORAL
BARACLUDE 0.5MG ORAL,BARACLUDE 0.5MG TABLET,3161113,39.89943,07/01/2014,EA,C/I,N,2,B,30.122190000000003,12/17/2014 12:00:00 AM,12/31/2014,23804,ENTECAVIR,TABLET;ORAL,BARACLUDE,BRISTOL MYERS SQUIBB,0.5MG,N,21797,1,AB,"Mar 29, 2005",Yes,No,RX,BRISTOL MYERS SQUIBB,TABLET,ORAL
BARACLUDE 0.5MG ORAL,BARACLUDE 0.5MG TABLET,3161112,39.89943,07/01/2014,EA,C/I,N,2,B,30.122190000000003,12/17/2014 12:00:00 AM,12/31/2014,23804,ENTECAVIR,TABLET;ORAL,BARACLUDE,BRISTOL MYERS SQUIBB,0.5MG,N,21797,1,AB,"Mar 29, 2005",Yes,No,RX,BRISTOL MYERS SQUIBB,TABLET,ORAL
ULTRAM ER 300MG ORAL,ULTRAM ER 300MG TABLET,50458065730,12.62024,01/07/2014,EA,C/I,N,4,B,4.19971,12/17/2014 12:00:00 AM,12/31/2014,21523,TRAMADOL HYDROCHLORIDE,"TABLET, EXTENDED RELEASE;ORAL",ULTRAM ER,VALEANT PHARMS,300MG,N,21692,3,,"Sep 8, 2005",Yes,No,DISCN,VALEANT PHARMACEUTICALS NORTH AMERICA LLC,"TABLET, EXTENDED RELEASE",ORAL
CELLCEPT 200MG/ML ORAL,CELLCEPT 200MG/ML ORAL SUSP,4026129,6.51877,01/03/2014,ML,C/I,N,"2, 5",B,,,12/31/2014,18520,MYCOPHENOLATE MOFETIL,SUSPENSION;ORAL,CELLCEPT,ROCHE PALO,200MG/ML,N,50759,1,AB,"Oct 1, 1998",Yes,Yes,RX,ROCHE PALO ALTO LLC,SUSPENSION,ORAL
METROGEL 1% TOPICAL,METROGEL TOPICAL 1% PUMP,299382001,4.94649,07/01/2014,GM,C/I,N,"4, 5",B,3.92038,12/17/2014 12:00:00 AM,12/31/2014,7282,METRONIDAZOLE,GEL;TOPICAL,METROGEL,GALDERMA LABS LP,1%,N,21789,1,AB,"Jun 30, 2005",Yes,Yes,RX,GALDERMA LABORATORIES LP,GEL,TOPICAL
METROGEL 1% TOPICAL,METROGEL TOPICAL 1% GEL,299382060,4.54683,07/01/2014,GM,C/I,N,"2, 5",B,3.728180000000001,12/17/2014 12:00:00 AM,12/31/2014,7282,METRONIDAZOLE,GEL;TOPICAL,METROGEL,GALDERMA LABS LP,1%,N,21789,1,AB,"Jun 30, 2005",Yes,Yes,RX,GALDERMA LABORATORIES LP,GEL,TOPICAL
GLUCOTROL XL 5MG ORAL,GLUCOTROL XL 5MG TABLET,49155073,0.8665200000000001,06/01/2014,EA,C/I,N,4,B,0.1569,12/17/2014 12:00:00 AM,12/31/2014,20199,GLIPIZIDE,"TABLET, EXTENDED RELEASE;ORAL",GLUCOTROL XL,PFIZER,5MG,N,20329,1,AB,"Apr 26, 1994",Yes,No,RX,PFIZER INC,"TABLET, EXTENDED RELEASE",ORAL
GLUCOTROL XL 5MG ORAL,GLUCOTROL XL 5MG TABLET,49155066,0.8665200000000001,06/01/2014,EA,C/I,N,4,B,0.1569,12/17/2014 12:00:00 AM,12/31/2014,20199,GLIPIZIDE,"TABLET, EXTENDED RELEASE;ORAL",GLUCOTROL XL,PFIZER,5MG,N,20329,1,AB,"Apr 26, 1994",Yes,No,RX,PFIZER INC,"TABLET, EXTENDED RELEASE",ORAL
GLUCOTROL XL 5MG ORAL,GLUCOTROL XL 5MG TABLET,49017402,0.8665200000000001,06/01/2014,EA,C/I,N,4,B,0.1569,12/17/2014 12:00:00 AM,12/31/2014,20199,GLIPIZIDE,"TABLET, EXTENDED RELEASE;ORAL",GLUCOTROL XL,PFIZER,5MG,N,20329,1,AB,"Apr 26, 1994",Yes,No,RX,PFIZER INC,"TABLET, EXTENDED RELEASE",ORAL
GLUCOTROL XL 5MG ORAL,GLUCOTROL XL 5MG TABLET,49017403,1.21059,06/01/2016,EA,C/I,N,4,B,0.14985,12/21/2016 12:00:00 AM,12/28/2016,20199,GLIPIZIDE,"TABLET, EXTENDED RELEASE;ORAL",GLUCOTROL XL,PFIZER,5MG,N,20329,1,AB,"Apr 26, 1994",Yes,No,RX,PFIZER INC,"TABLET, EXTENDED RELEASE",ORAL
CARDIZEM LA 240MG ORAL,CARDIZEM LA 240MG TABLET,187204790,4.33331,12/10/2014,EA,C/I,N,2,B,2.60071,12/17/2014 12:00:00 AM,12/31/2014,19912,DILTIAZEM HYDROCHLORIDE,"TABLET, EXTENDED RELEASE;ORAL",CARDIZEM LA,BAUSCH,240MG,N,21392,3,AB,"Feb 6, 2003",Yes,No,RX,BAUSCH HEALTH US LLC,"TABLET, EXTENDED RELEASE",ORAL
CARDIZEM LA 240MG ORAL,CARDIZEM LA 240MG TABLET,74306290,4.33331,12/27/2013,EA,C/I,N,2,B,2.60071,12/17/2014 12:00:00 AM,12/31/2014,19912,DILTIAZEM HYDROCHLORIDE,"TABLET, EXTENDED RELEASE;ORAL",CARDIZEM LA,BAUSCH,240MG,N,21392,3,AB,"Feb 6, 2003",Yes,No,RX,BAUSCH HEALTH US LLC,"TABLET, EXTENDED RELEASE",ORAL
CARDIZEM LA 240MG ORAL,CARDIZEM LA 240MG TABLET,74306230,4.33331,12/27/2013,EA,C/I,N,2,B,2.60071,12/17/2014 12:00:00 AM,12/31/2014,19912,DILTIAZEM HYDROCHLORIDE,"TABLET, EXTENDED RELEASE;ORAL",CARDIZEM LA,BAUSCH,240MG,N,21392,3,AB,"Feb 6, 2003",Yes,No,RX,BAUSCH HEALTH US LLC,"TABLET, EXTENDED RELEASE",ORAL
CARDIZEM LA 240MG ORAL,CARDIZEM LA 240MG TABLET,187204730,4.33331,05/14/2014,EA,C/I,N,2,B,2.60071,12/17/2014 12:00:00 AM,12/31/2014,19912,DILTIAZEM HYDROCHLORIDE,"TABLET, EXTENDED RELEASE;ORAL",CARDIZEM LA,BAUSCH,240MG,N,21392,3,AB,"Feb 6, 2003",Yes,No,RX,BAUSCH HEALTH US LLC,"TABLET, EXTENDED RELEASE",ORAL
ZYPREXA ZYDIS 20MG ORAL,ZYPREXA ZYDIS 20MG TABLET,2445601,36.54327,04/23/2014,EA,C/I,N,4,B,4.05836,12/17/2014 12:00:00 AM,12/31/2014,22072,OLANZAPINE,"TABLET, ORALLY DISINTEGRATING;ORAL",ZYPREXA ZYDIS,LILLY,20MG,N,21086,4,AB,"Apr 6, 2000",Yes,No,RX,ELI LILLY AND CO,"TABLET, ORALLY DISINTEGRATING",ORAL
ZYPREXA ZYDIS 20MG ORAL,ZYPREXA ZYDIS 20MG TABLET,2445685,36.54327,04/23/2014,EA,C/I,N,4,B,4.05836,12/17/2014 12:00:00 AM,12/31/2014,22072,OLANZAPINE,"TABLET, ORALLY DISINTEGRATING;ORAL",ZYPREXA ZYDIS,LILLY,20MG,N,21086,4,AB,"Apr 6, 2000",Yes,No,RX,ELI LILLY AND CO,"TABLET, ORALLY DISINTEGRATING",ORAL
DIURIL 250MG/5ML ORAL,DIURIL 250MG/5ML ORAL SUSP,65649031112,0.21977,06/18/2014,ML,C/I,N,"4, 5",B,,,12/31/2014,18554,CHLOROTHIAZIDE,SUSPENSION;ORAL,DIURIL,SALIX PHARMS,250MG/5ML,N,11870,1,,"Approved Prior to Jan 1, 1982",Yes,Yes,RX,SALIX PHARMACEUTICALS INC,SUSPENSION,ORAL
FORFIVO XL 450MG ORAL,FORFIVO XL 450MG TABLET,49909001030,7.75833,11/19/2014,EA,C/I,N,4,B,,,12/31/2014,20176,BUPROPION HYDROCHLORIDE,"TABLET, EXTENDED RELEASE;ORAL",FORFIVO XL,ALVOGEN,450MG,N,22497,1,,"Nov 10, 2011",Yes,Yes,RX,ALVOGEN GROUP HOLDINGS 3 LLC,"TABLET, EXTENDED RELEASE",ORAL
FORFIVO XL 450MG ORAL,FORFIVO XL 450MG TABLET,52427057530,13.6595,10/18/2017,EA,C/I,N,2,B,,,12/27/2017,20176,BUPROPION HYDROCHLORIDE,"TABLET, EXTENDED RELEASE;ORAL",FORFIVO XL,ALVOGEN,450MG,N,22497,1,,"Nov 10, 2011",Yes,Yes,RX,ALVOGEN GROUP HOLDINGS 3 LLC,"TABLET, EXTENDED RELEASE",ORAL
MS CONTIN 100MG ORAL,MS CONTIN 100MG TABLET,59011026305,11.17663,11/01/2013,EA,C/I,N,4,B,2.42947,12/18/2013 12:00:00 AM,12/25/2013,20818,MORPHINE SULFATE,"TABLET, EXTENDED RELEASE;ORAL",MS CONTIN,PURDUE PHARMA LP,100MG,N,19516,4,AB,"Jan 16, 1990",Yes,Yes,RX,PURDUE PHARMA LP,"TABLET, EXTENDED RELEASE",ORAL
MS CONTIN 100MG ORAL,MS CONTIN 100MG TABLET,59011026310,12.74987,10/02/2014,EA,C/I,N,4,B,2.64792,12/17/2014 12:00:00 AM,12/31/2014,20818,MORPHINE SULFATE,"TABLET, EXTENDED RELEASE;ORAL",MS CONTIN,PURDUE PHARMA LP,100MG,N,19516,4,AB,"Jan 16, 1990",Yes,Yes,RX,PURDUE PHARMA LP,"TABLET, EXTENDED RELEASE",ORAL
MS CONTIN 100MG ORAL,MS CONTIN 100MG TABLET,42858079901,19.08068,07/12/2017,EA,C/I,N,4,B,1.10091,12/20/2017 12:00:00 AM,12/27/2017,20818,MORPHINE SULFATE,"TABLET, EXTENDED RELEASE;ORAL",MS CONTIN,PURDUE PHARMA LP,100MG,N,19516,4,AB,"Jan 16, 1990",Yes,Yes,RX,PURDUE PHARMA LP,"TABLET, EXTENDED RELEASE",ORAL
TRUVADA 200MG;300MG ORAL,TRUVADA 200MG-300MG TABLET,61958070101,41.53825,01/01/2014,EA,C/I,N,2,B,,,12/31/2014,37558,EMTRICITABINE; TENOFOVIR DISOPROXIL FUMARATE,TABLET;ORAL,TRUVADA,GILEAD,200MG;300MG,N,21752,1,AB,"Aug 2, 2004",Yes,Yes,RX,GILEAD SCIENCES INC,TABLET,ORAL
AGGRENOX 25MG;200MG ORAL,AGGRENOX 25MG-200MG CAPSULE,597000160,5.40536,07/01/2014,EA,C/I,N,2,B,,,12/31/2014,452,ASPIRIN; DIPYRIDAMOLE,"CAPSULE, EXTENDED RELEASE;ORAL",AGGRENOX,BOEHRINGER INGELHEIM,25MG;200MG,N,20884,1,AB,"Nov 22, 1999",Yes,Yes,RX,BOEHRINGER INGELHEIM PHARMACEUTICALS INC,"CAPSULE, EXTENDED RELEASE",ORAL
ZORTRESS 0.75MG ORAL,ZORTRESS 0.75MG TABLET,78041561,19.3093,07/23/2014,EA,C/I,N,4,B,,,12/31/2014,38340,EVEROLIMUS,TABLET;ORAL,ZORTRESS,NOVARTIS,0.75MG,N,21560,3,AB,"Apr 20, 2010",Yes,No,RX,NOVARTIS PHARMACEUTICALS CORP,TABLET,ORAL
ZORTRESS 0.75MG ORAL,ZORTRESS 0.75MG TABLET,78041520,19.3093,07/23/2014,EA,C/I,N,4,B,,,12/31/2014,38340,EVEROLIMUS,TABLET;ORAL,ZORTRESS,NOVARTIS,0.75MG,N,21560,3,AB,"Apr 20, 2010",Yes,No,RX,NOVARTIS PHARMACEUTICALS CORP,TABLET,ORAL
CARDIZEM LA 120MG ORAL,CARDIZEM LA 120MG TABLET,187204590,3.69038,07/16/2014,EA,C/I,N,4,B,,,12/31/2014,19910,DILTIAZEM HYDROCHLORIDE,"TABLET, EXTENDED RELEASE;ORAL",CARDIZEM LA,BAUSCH,120MG,N,21392,1,AB,"Feb 6, 2003",Yes,No,RX,BAUSCH HEALTH US LLC,"TABLET, EXTENDED RELEASE",ORAL
CARDIZEM LA 120MG ORAL,CARDIZEM LA 120MG TABLET,74304590,3.69038,03/01/2014,EA,C/I,N,4,B,,,12/31/2014,19910,DILTIAZEM HYDROCHLORIDE,"TABLET, EXTENDED RELEASE;ORAL",CARDIZEM LA,BAUSCH,120MG,N,21392,1,AB,"Feb 6, 2003",Yes,No,RX,BAUSCH HEALTH US LLC,"TABLET, EXTENDED RELEASE",ORAL
CARDIZEM LA 120MG ORAL,CARDIZEM LA 120MG TABLET,187204530,3.69038,07/16/2014,EA,C/I,N,4,B,,,12/31/2014,19910,DILTIAZEM HYDROCHLORIDE,"TABLET, EXTENDED RELEASE;ORAL",CARDIZEM LA,BAUSCH,120MG,N,21392,1,AB,"Feb 6, 2003",Yes,No,RX,BAUSCH HEALTH US LLC,"TABLET, EXTENDED RELEASE",ORAL
CARDIZEM LA 120MG ORAL,CARDIZEM LA 120MG TABLET,74304530,3.69038,03/01/2014,EA,C/I,N,4,B,,,12/31/2014,19910,DILTIAZEM HYDROCHLORIDE,"TABLET, EXTENDED RELEASE;ORAL",CARDIZEM LA,BAUSCH,120MG,N,21392,1,AB,"Feb 6, 2003",Yes,No,RX,BAUSCH HEALTH US LLC,"TABLET, EXTENDED RELEASE",ORAL
GLUCOTROL XL 10MG ORAL,GLUCOTROL XL 10MG TABLET,49017807,1.69173,06/01/2014,EA,C/I,N,4,B,0.29213,12/17/2014 12:00:00 AM,12/31/2014,20200,GLIPIZIDE,"TABLET, EXTENDED RELEASE;ORAL",GLUCOTROL XL,PFIZER,10MG,N,20329,2,AB,"Apr 26, 1994",Yes,Yes,RX,PFIZER INC,"TABLET, EXTENDED RELEASE",ORAL
GLUCOTROL XL 10MG ORAL,GLUCOTROL XL 10MG TABLET,49017808,1.69173,06/01/2014,EA,C/I,N,4,B,0.29213,12/17/2014 12:00:00 AM,12/31/2014,20200,GLIPIZIDE,"TABLET, EXTENDED RELEASE;ORAL",GLUCOTROL XL,PFIZER,10MG,N,20329,2,AB,"Apr 26, 1994",Yes,Yes,RX,PFIZER INC,"TABLET, EXTENDED RELEASE",ORAL
GLUCOTROL XL 10MG ORAL,GLUCOTROL XL 10MG TABLET,49156066,1.69173,06/01/2014,EA,C/I,N,4,B,0.29213,12/17/2014 12:00:00 AM,12/31/2014,20200,GLIPIZIDE,"TABLET, EXTENDED RELEASE;ORAL",GLUCOTROL XL,PFIZER,10MG,N,20329,2,AB,"Apr 26, 1994",Yes,Yes,RX,PFIZER INC,"TABLET, EXTENDED RELEASE",ORAL
GLUCOTROL XL 10MG ORAL,GLUCOTROL XL 10MG TABLET,49156073,1.69173,06/01/2014,EA,C/I,N,4,B,0.29213,12/17/2014 12:00:00 AM,12/31/2014,20200,GLIPIZIDE,"TABLET, EXTENDED RELEASE;ORAL",GLUCOTROL XL,PFIZER,10MG,N,20329,2,AB,"Apr 26, 1994",Yes,Yes,RX,PFIZER INC,"TABLET, EXTENDED RELEASE",ORAL
TEGRETOL-XR 200MG ORAL,TEGRETOL XR 200MG TABLET,78051105,1.54949,07/02/2014,EA,C/I,N,2,B,1.19361,12/17/2014 12:00:00 AM,12/31/2014,21437,CARBAMAZEPINE,"TABLET, EXTENDED RELEASE;ORAL",TEGRETOL-XR,NOVARTIS,200MG,N,20234,2,AB,"Mar 25, 1996",Yes,No,RX,NOVARTIS PHARMACEUTICALS CORP,"TABLET, EXTENDED RELEASE",ORAL
VANDAZOLE 0.75% VAGINAL,VANDAZOLE VAGINAL 0.75% GEL,245086070,0.24274,12/17/2014,GM,C/I,N,"1, 5",B,,,12/31/2014,7351,METRONIDAZOLE,GEL;VAGINAL,VANDAZOLE,TEVA PHARMS,0.75%,N,21806,1,BX,"May 20, 2005",No,No,RX,TEVA PHARMACEUTICALS USA,GEL,VAGINAL
ULTRAM ER 100MG ORAL,ULTRAM ER 100MG TABLET,50458065330,5.53286,01/07/2014,EA,C/I,N,4,B,2.11627,12/17/2014 12:00:00 AM,12/31/2014,21521,TRAMADOL HYDROCHLORIDE,"TABLET, EXTENDED RELEASE;ORAL",ULTRAM ER,VALEANT PHARMS,100MG,N,21692,1,,"Sep 8, 2005",Yes,No,DISCN,VALEANT PHARMACEUTICALS NORTH AMERICA LLC,"TABLET, EXTENDED RELEASE",ORAL
CLEOCIN 100MG VAGINAL,CLEOCIN 100MG VAGINAL OVULE,9766701,31.21686,06/01/2014,EA,C/I,N,2,B,,,12/31/2014,18339,CLINDAMYCIN PHOSPHATE,SUPPOSITORY;VAGINAL,CLEOCIN,PHARMACIA AND UPJOHN,100MG,N,50767,1,,"Aug 13, 1999",Yes,Yes,RX,PHARMACIA AND UPJOHN CO,SUPPOSITORY,VAGINAL
WELCHOL 3.75GM/PACKET ORAL,WELCHOL 3.75G PACKET,65597090230,13.579,08/01/2014,EA,C/I,N,2,B,,,12/31/2014,7116,COLESEVELAM HYDROCHLORIDE,FOR SUSPENSION;ORAL,WELCHOL,DAIICHI SANKYO,3.75GM/PACKET,N,22362,2,AB,"Oct 2, 2009",Yes,Yes,RX,DAIICHI SANKYO INC,FOR SUSPENSION,ORAL
INTELENCE 100MG ORAL,INTELENCE 100MG TABLET,59676057001,7.6306,05/21/2014,EA,C/I,N,2,B,,,12/31/2014,29618,ETRAVIRINE,TABLET;ORAL,INTELENCE,JANSSEN R AND D,100MG,N,22187,1,,"Jan 18, 2008",Yes,No,RX,JANSSEN RESEARCH AND DEVELOPMENT LLC,TABLET,ORAL
PROGLYCEM 50MG/ML ORAL,PROGLYCEM 50MG/ML ORAL SUSP,575620030,7.5958,12/17/2014,ML,C/I,N,"1, 5",B,,,12/31/2014,18697,DIAZOXIDE,SUSPENSION;ORAL,PROGLYCEM,TEVA BRANDED PHARM,50MG/ML,N,17453,1,AB,"Approved Prior to Jan 1, 1982",Yes,Yes,RX,TEVA BRANDED PHARMACEUTICAL PRODUCTS R AND D INC,SUSPENSION,ORAL
TEGRETOL-XR 100MG ORAL,TEGRETOL XR 100MG TABLET,78051005,0.77954,07/02/2014,EA,C/I,N,2,B,,,12/31/2014,21436,CARBAMAZEPINE,"TABLET, EXTENDED RELEASE;ORAL",TEGRETOL-XR,NOVARTIS,100MG,N,20234,1,AB,"Mar 25, 1996",Yes,No,RX,NOVARTIS PHARMACEUTICALS CORP,"TABLET, EXTENDED RELEASE",ORAL
NILANDRON 150MG ORAL,NILANDRON 150MG TABLET,88111114,137.31017,10/04/2013,EA,C/I,N,4,B,,,12/25/2013,32681,NILUTAMIDE,TABLET;ORAL,NILANDRON,CONCORDIA,150MG,N,20169,2,AB,"Apr 30, 1999",Yes,Yes,RX,CONCORDIA PHARMACEUTICALS INC,TABLET,ORAL
NILANDRON 150MG ORAL,NILANDRON 150MG TABLET,24987011114,137.31017,07/16/2014,EA,C/I,N,4,B,,,10/15/2014,32681,NILUTAMIDE,TABLET;ORAL,NILANDRON,CONCORDIA,150MG,N,20169,2,AB,"Apr 30, 1999",Yes,Yes,RX,CONCORDIA PHARMACEUTICALS INC,TABLET,ORAL
XARTEMIS XR 325MG;7.5MG ORAL,XARTEMIS XR 7.5-325MG TABLET,23635011501,2.21994,07/23/2014,EA,C/I,N,2,B,,,12/31/2014,21588,ACETAMINOPHEN; OXYCODONE HYDROCHLORIDE,"TABLET, EXTENDED RELEASE;ORAL",XARTEMIS XR,MALLINCKRODT INC,325MG;7.5MG,N,204031,1,,"Mar 11, 2014",Yes,No,DISCN,MALLINCKRODT INC,"TABLET, EXTENDED RELEASE",ORAL
BENICAR HCT 12.5MG;40MG ORAL,BENICAR HCT 40-12.5MG TABLET,65597010690,5.53895,08/01/2014,EA,C/I,N,2,B,,,12/31/2014,23901,HYDROCHLOROTHIAZIDE; OLMESARTAN MEDOXOMIL,TABLET;ORAL,BENICAR HCT,DAIICHI SANKYO,12.5MG;40MG,N,21532,3,AB,"Jun 5, 2003",Yes,No,RX,DAIICHI SANKYO INC,TABLET,ORAL
BENICAR HCT 12.5MG;40MG ORAL,BENICAR HCT 40-12.5MG TABLET,65597010630,5.53895,08/01/2014,EA,C/I,N,2,B,,,12/31/2014,23901,HYDROCHLOROTHIAZIDE; OLMESARTAN MEDOXOMIL,TABLET;ORAL,BENICAR HCT,DAIICHI SANKYO,12.5MG;40MG,N,21532,3,AB,"Jun 5, 2003",Yes,No,RX,DAIICHI SANKYO INC,TABLET,ORAL
ZYPREXA ZYDIS 5MG ORAL,ZYPREXA ZYDIS 5MG TABLET,2445301,12.68713,12/18/2013,EA,C/I,N,4,B,1.78308,12/17/2014 12:00:00 AM,12/31/2014,22069,OLANZAPINE,"TABLET, ORALLY DISINTEGRATING;ORAL",ZYPREXA ZYDIS,LILLY,5MG,N,21086,1,AB,"Apr 6, 2000",Yes,Yes,RX,ELI LILLY AND CO,"TABLET, ORALLY DISINTEGRATING",ORAL
ZYPREXA ZYDIS 5MG ORAL,ZYPREXA ZYDIS 5MG TABLET,2445385,12.68713,12/18/2013,EA,C/I,N,4,B,1.78308,12/17/2014 12:00:00 AM,12/31/2014,22069,OLANZAPINE,"TABLET, ORALLY DISINTEGRATING;ORAL",ZYPREXA ZYDIS,LILLY,5MG,N,21086,1,AB,"Apr 6, 2000",Yes,Yes,RX,ELI LILLY AND CO,"TABLET, ORALLY DISINTEGRATING",ORAL
MICARDIS HCT 12.5MG;80MG ORAL,MICARDIS HCT 80-12.5MG TABLET,597004437,4.7464900000000005,01/07/2014,EA,C/I,N,2,B,3.28781,12/17/2014 12:00:00 AM,12/31/2014,32011,HYDROCHLOROTHIAZIDE; TELMISARTAN,TABLET;ORAL,MICARDIS HCT,BOEHRINGER INGELHEIM,12.5MG;80MG,N,21162,2,AB,"Nov 17, 2000",Yes,No,RX,BOEHRINGER INGELHEIM,TABLET,ORAL
CLARITIN REDITABS 5MG ORAL,CLARITIN 5MG REDITABS,11523720203,0.6881,12/17/2014,EA,C/I,Y,1,B,,,12/31/2014,21751,LORATADINE,"TABLET, ORALLY DISINTEGRATING;ORAL",CLARITIN REDITABS,BAYER HEALTHCARE LLC,5MG,N,21993,1,,"Dec 12, 2006",Yes,Yes,OTC,BAYER HEALTHCARE LLC,"TABLET, ORALLY DISINTEGRATING",ORAL
CLARITIN REDITABS 5MG ORAL,CLARITIN 5MG REDITABS,11523720201,0.6881,12/17/2014,EA,C/I,Y,1,B,,,12/31/2014,21751,LORATADINE,"TABLET, ORALLY DISINTEGRATING;ORAL",CLARITIN REDITABS,BAYER HEALTHCARE LLC,5MG,N,21993,1,,"Dec 12, 2006",Yes,Yes,OTC,BAYER HEALTHCARE LLC,"TABLET, ORALLY DISINTEGRATING",ORAL
LAMICTAL XR 50MG ORAL,LAMICTAL XR 50MG TABLET,173075500,12.72759,07/18/2014,EA,C/I,N,2,B,8.152000000000001,12/17/2014 12:00:00 AM,12/31/2014,20366,LAMOTRIGINE,"TABLET, EXTENDED RELEASE;ORAL",LAMICTAL XR,GLAXOSMITHKLINE LLC,50MG,N,22115,2,AB,"May 29, 2009",Yes,Yes,RX,GLAXOSMITHKLINE LLC,"TABLET, EXTENDED RELEASE",ORAL
MAXZIDE 50MG;75MG ORAL,MAXZIDE 75MG-50MG TABLET,378046001,3.29339,04/17/2014,EA,C/I,N,4,B,0.16760999999999998,12/17/2014 12:00:00 AM,12/31/2014,31068,HYDROCHLOROTHIAZIDE; TRIAMTERENE,TABLET;ORAL,MAXZIDE,MYLAN PHARMS INC,50MG;75MG,N,19129,1,AB,"Oct 22, 1984",Yes,Yes,RX,MYLAN PHARMACEUTICALS INC,TABLET,ORAL
"BICILLIN 200,000 UNITS ORAL","BICILLIN L-A 1,200,000 UNITS",60793070110,36.85465,06/01/2014,ML,C/I,N,"4, 5",B,,,12/31/2014,24054,PENICILLIN G BENZATHINE,TABLET;ORAL,BICILLIN,WYETH AYERST,"200,000 UNITS",N,50128,1,,"Approved Prior to Jan 1, 1982",No,No,DISCN,WYETH AYERST LABORATORIES,TABLET,ORAL
FAZACLO ODT 100MG ORAL,FAZACLO 100MG ODT,18860010410,12.23083,04/02/2014,EA,C/I,N,4,B,,,12/31/2014,21803,CLOZAPINE,"TABLET, ORALLY DISINTEGRATING;ORAL",FAZACLO ODT,JAZZ,100MG,N,21590,2,,"Feb 10, 2004",Yes,No,DISCN,JAZZ PHARMACEUTICALS IRELAND LTD,"TABLET, ORALLY DISINTEGRATING",ORAL
FAZACLO ODT 100MG ORAL,FAZACLO 100MG ODT,18860010401,12.23083,04/02/2014,EA,C/I,N,4,B,,,12/31/2014,21803,CLOZAPINE,"TABLET, ORALLY DISINTEGRATING;ORAL",FAZACLO ODT,JAZZ,100MG,N,21590,2,,"Feb 10, 2004",Yes,No,DISCN,JAZZ PHARMACEUTICALS IRELAND LTD,"TABLET, ORALLY DISINTEGRATING",ORAL
FLAGYL ER 750MG ORAL,FLAGYL ER 750MG TABLET,25196130,15.76341,06/01/2014,EA,C/I,N,4,B,,,12/31/2014,20173,METRONIDAZOLE,"TABLET, EXTENDED RELEASE;ORAL",FLAGYL ER,PFIZER,750MG,N,20868,1,,"Nov 26, 1997",Yes,No,DISCN,PFIZER INC,"TABLET, EXTENDED RELEASE",ORAL
MICARDIS HCT 12.5MG;40MG ORAL,MICARDIS HCT 40-12.5MG TABLET,597004337,4.75255,01/07/2014,EA,C/I,N,2,B,3.41678,12/17/2014 12:00:00 AM,12/31/2014,32010,HYDROCHLOROTHIAZIDE; TELMISARTAN,TABLET;ORAL,MICARDIS HCT,BOEHRINGER INGELHEIM,12.5MG;40MG,N,21162,1,AB,"Nov 17, 2000",Yes,No,RX,BOEHRINGER INGELHEIM,TABLET,ORAL
NEURONTIN 600MG ORAL,NEURONTIN 600MG TABLET,71051324,5.18612,06/01/2014,EA,C/I,N,4,B,0.36021,12/24/2014 12:00:00 AM,12/31/2014,32645,GABAPENTIN,TABLET;ORAL,NEURONTIN,UPJOHN,600MG,N,20882,1,AB,"Oct 9, 1998",Yes,No,RX,UPJOHN US 1 LLC,TABLET,ORAL
CLARITIN REDITABS 10MG ORAL,CLARITIN 10MG REDITABS,11523715703,0.77642,12/17/2014,EA,C/I,Y,1,B,0.39007,12/17/2014 12:00:00 AM,12/31/2014,21752,LORATADINE,"TABLET, ORALLY DISINTEGRATING;ORAL",CLARITIN REDITABS,BAYER HEALTHCARE LLC,10MG,N,20704,2,,"Nov 27, 2002",Yes,Yes,OTC,BAYER HEALTHCARE LLC,"TABLET, ORALLY DISINTEGRATING",ORAL
CLARITIN REDITABS 10MG ORAL,CLARITIN 10MG REDITABS,11523715702,0.77642,12/17/2014,EA,C/I,Y,1,B,0.39007,12/17/2014 12:00:00 AM,12/31/2014,21752,LORATADINE,"TABLET, ORALLY DISINTEGRATING;ORAL",CLARITIN REDITABS,BAYER HEALTHCARE LLC,10MG,N,20704,2,,"Nov 27, 2002",Yes,Yes,OTC,BAYER HEALTHCARE LLC,"TABLET, ORALLY DISINTEGRATING",ORAL
CLARITIN REDITABS 10MG ORAL,CLARITIN 10MG REDITABS,11523715708,0.77642,12/17/2014,EA,C/I,Y,1,B,0.39007,12/17/2014 12:00:00 AM,12/31/2014,21752,LORATADINE,"TABLET, ORALLY DISINTEGRATING;ORAL",CLARITIN REDITABS,BAYER HEALTHCARE LLC,10MG,N,20704,2,,"Nov 27, 2002",Yes,Yes,OTC,BAYER HEALTHCARE LLC,"TABLET, ORALLY DISINTEGRATING",ORAL
ANGELIQ 0.5MG;1MG ORAL,ANGELIQ 0.5MG-1MG TABLET,50419048303,3.79619,10/21/2014,EA,C/I,N,4,B,,,12/31/2014,23281,DROSPIRENONE; ESTRADIOL,TABLET;ORAL,ANGELIQ,BAYER HLTHCARE,0.5MG;1MG,N,21355,2,,"Sep 28, 2005",Yes,Yes,RX,BAYER HEALTHCARE PHARMACEUTICALS INC,TABLET,ORAL
ANGELIQ 0.5MG;1MG ORAL,ANGELIQ 0.5MG-1MG TABLET,50419048301,5.5409,09/13/2017,EA,C/I,N,4,B,,,12/27/2017,23281,DROSPIRENONE; ESTRADIOL,TABLET;ORAL,ANGELIQ,BAYER HLTHCARE,0.5MG;1MG,N,21355,2,,"Sep 28, 2005",Yes,Yes,RX,BAYER HEALTHCARE PHARMACEUTICALS INC,TABLET,ORAL
VIRAMUNE XR 400MG ORAL,VIRAMUNE XR 400MG TABLET,597012330,20.27363,01/07/2014,EA,C/I,N,2,B,15.74785,12/17/2014 12:00:00 AM,12/31/2014,21572,NEVIRAPINE,"TABLET, EXTENDED RELEASE;ORAL",VIRAMUNE XR,BOEHRINGER INGELHEIM,400MG,N,201152,1,AB,"Mar 25, 2011",Yes,Yes,RX,BOEHRINGER INGELHEIM PHARMACEUTICALS INC,"TABLET, EXTENDED RELEASE",ORAL
MIACALCIN 200 IU/SPRAY NASAL,MIACALCIN 200 UNIT NASAL SPRAY,78031154,79.38786999999998,08/18/2014,ML,C/I,N,"4, 5",B,12.01371,12/17/2014 12:00:00 AM,12/31/2014,18179,CALCITONIN SALMON,"SPRAY, METERED;NASAL",MIACALCIN,MYLAN IRELAND LTD,200 IU/SPRAY,N,20313,2,,"Aug 17, 1995",Yes,No,DISCN,MYLAN IRELAND LTD,"SPRAY, METERED",NASAL
MARCAINE 0.75% SPINAL,MARCAINE 0.5% VIAL,409161050,0.08324,07/23/2014,ML,C/I,N,"4, 5",B,,,12/31/2014,14580,BUPIVACAINE HYDROCHLORIDE,INJECTABLE;SPINAL,MARCAINE,HOSPIRA,0.75%,N,18692,1,AP,"May 4, 1984",Yes,Yes,RX,HOSPIRA INC,INJECTABLE,SPINAL
MIRAPEX ER 0.375MG ORAL,MIRAPEX ER 0.375MG TABLET,597010930,13.154329999999998,09/17/2014,EA,C/I,N,4,B,,,12/31/2014,20747,PRAMIPEXOLE DIHYDROCHLORIDE,"TABLET, EXTENDED RELEASE;ORAL",MIRAPEX ER,BOEHRINGER INGELHEIM,0.375MG,N,22421,1,AB,"Feb 19, 2010",Yes,Yes,RX,BOEHRINGER INGELHEIM PHARMACEUTICALS INC,"TABLET, EXTENDED RELEASE",ORAL
MIRAPEX ER 0.375MG ORAL,MIRAPEX ER 0.375MG TABLET,597010917,13.154329999999998,09/17/2014,EA,C/I,N,4,B,,,12/31/2014,20747,PRAMIPEXOLE DIHYDROCHLORIDE,"TABLET, EXTENDED RELEASE;ORAL",MIRAPEX ER,BOEHRINGER INGELHEIM,0.375MG,N,22421,1,AB,"Feb 19, 2010",Yes,Yes,RX,BOEHRINGER INGELHEIM PHARMACEUTICALS INC,"TABLET, EXTENDED RELEASE",ORAL
TRILEPTAL 600MG ORAL,TRILEPTAL 600MG TABLET,78045705,8.91655,01/03/2014,EA,C/I,N,2,B,0.40524,12/17/2014 12:00:00 AM,12/31/2014,37508,OXCARBAZEPINE,TABLET;ORAL,TRILEPTAL,NOVARTIS,600MG,N,21014,3,AB,"Jan 14, 2000",Yes,Yes,RX,NOVARTIS PHARMACEUTICALS CORP,TABLET,ORAL
TRILEPTAL 600MG ORAL,TRILEPTAL 600MG TABLET,78045761,8.91655,01/03/2014,EA,C/I,N,2,B,0.40524,12/17/2014 12:00:00 AM,12/31/2014,37508,OXCARBAZEPINE,TABLET;ORAL,TRILEPTAL,NOVARTIS,600MG,N,21014,3,AB,"Jan 14, 2000",Yes,Yes,RX,NOVARTIS PHARMACEUTICALS CORP,TABLET,ORAL
ZYPREXA ZYDIS 10MG ORAL,ZYPREXA ZYDIS 10MG TABLET,2445485,18.79293,01/22/2014,EA,C/I,N,4,B,2.26733,12/17/2014 12:00:00 AM,12/31/2014,22070,OLANZAPINE,"TABLET, ORALLY DISINTEGRATING;ORAL",ZYPREXA ZYDIS,LILLY,10MG,N,21086,2,AB,"Apr 6, 2000",Yes,No,RX,ELI LILLY AND CO,"TABLET, ORALLY DISINTEGRATING",ORAL
ZYPREXA ZYDIS 10MG ORAL,ZYPREXA ZYDIS 10MG TABLET,2445401,18.79293,01/22/2014,EA,C/I,N,4,B,2.26733,12/17/2014 12:00:00 AM,12/31/2014,22070,OLANZAPINE,"TABLET, ORALLY DISINTEGRATING;ORAL",ZYPREXA ZYDIS,LILLY,10MG,N,21086,2,AB,"Apr 6, 2000",Yes,No,RX,ELI LILLY AND CO,"TABLET, ORALLY DISINTEGRATING",ORAL
TRILEPTAL 150MG ORAL,TRILEPTAL 150MG TABLET,78045605,2.69468,10/22/2014,EA,C/I,N,4,B,0.16095,12/17/2014 12:00:00 AM,12/31/2014,37506,OXCARBAZEPINE,TABLET;ORAL,TRILEPTAL,NOVARTIS,150MG,N,21014,1,AB,"Jan 14, 2000",Yes,No,RX,NOVARTIS PHARMACEUTICALS CORP,TABLET,ORAL
TRILEPTAL 150MG ORAL,TRILEPTAL 150MG TABLET,78045661,2.69468,10/22/2014,EA,C/I,N,4,B,0.16095,12/17/2014 12:00:00 AM,12/31/2014,37506,OXCARBAZEPINE,TABLET;ORAL,TRILEPTAL,NOVARTIS,150MG,N,21014,1,AB,"Jan 14, 2000",Yes,No,RX,NOVARTIS PHARMACEUTICALS CORP,TABLET,ORAL
BENICAR HCT 12.5MG;20MG ORAL,BENICAR HCT 20-12.5MG TABLET,65597010530,3.9928,08/01/2014,EA,C/I,N,2,B,,,12/31/2014,23900,HYDROCHLOROTHIAZIDE; OLMESARTAN MEDOXOMIL,TABLET;ORAL,BENICAR HCT,DAIICHI SANKYO,12.5MG;20MG,N,21532,2,AB,"Jun 5, 2003",Yes,No,RX,DAIICHI SANKYO INC,TABLET,ORAL
BENICAR HCT 12.5MG;20MG ORAL,BENICAR HCT 20-12.5MG TABLET,65597010590,3.9928,08/01/2014,EA,C/I,N,2,B,,,12/31/2014,23900,HYDROCHLOROTHIAZIDE; OLMESARTAN MEDOXOMIL,TABLET;ORAL,BENICAR HCT,DAIICHI SANKYO,12.5MG;20MG,N,21532,2,AB,"Jun 5, 2003",Yes,No,RX,DAIICHI SANKYO INC,TABLET,ORAL
ZOMIG 5MG/SPRAY NASAL,ZOMIG 5MG NASAL SPRAY,310020860,46.41044,11/26/2013,EA,C/I,N,"2, 5",B,,,12/25/2013,18230,ZOLMITRIPTAN,SPRAY;NASAL,ZOMIG,ASTRAZENECA,5MG/SPRAY,N,21450,4,,"Sep 30, 2003",Yes,Yes,RX,ASTRAZENECA PHARMACEUTICALS LP,SPRAY,NASAL
ZOMIG 5MG/SPRAY NASAL,ZOMIG 5MG NASAL SPRAY,64896068151,45.93598,09/17/2014,EA,C/I,N,"2, 5",B,,,12/31/2014,18230,ZOLMITRIPTAN,SPRAY;NASAL,ZOMIG,ASTRAZENECA,5MG/SPRAY,N,21450,4,,"Sep 30, 2003",Yes,Yes,RX,ASTRAZENECA PHARMACEUTICALS LP,SPRAY,NASAL
NATROBA 0.9% TOPICAL,NATROBA 0.9% TOPICAL SUSP,52246092904,1.87852,09/17/2014,ML,C/I,N,"2, 5",B,,,12/31/2014,18771,SPINOSAD,SUSPENSION;TOPICAL,NATROBA,PARAPRO LLC,0.9%,N,22408,1,,"Jan 18, 2011",Yes,Yes,RX,PARAPRO LLC,SUSPENSION,TOPICAL
ACTIVELLA 1MG;0.5MG ORAL,ACTIVELLA 1MG-0.5MG TABLET,169517401,4.62146,09/19/2013,EA,C/I,N,4,B,2.77003,12/18/2013 12:00:00 AM,12/25/2013,22314,ESTRADIOL; NORETHINDRONE ACETATE,TABLET;ORAL,ACTIVELLA,AMNEAL,1MG;0.5MG,N,20907,1,AB,"Nov 18, 1998",Yes,Yes,RX,AMNEAL PHARMACEUTICALS LLC,TABLET,ORAL
ACTIVELLA 1MG;0.5MG ORAL,ACTIVELLA 1MG-0.5MG TABLET,169517402,4.62146,09/19/2013,EA,C/I,N,4,B,2.77003,12/18/2013 12:00:00 AM,12/25/2013,22314,ESTRADIOL; NORETHINDRONE ACETATE,TABLET;ORAL,ACTIVELLA,AMNEAL,1MG;0.5MG,N,20907,1,AB,"Nov 18, 1998",Yes,Yes,RX,AMNEAL PHARMACEUTICALS LLC,TABLET,ORAL
WELLBUTRIN XL 150MG ORAL,WELLBUTRIN XL 150MG TABLET,187073090,21.92138,12/22/2014,EA,C/I,N,3,B,0.6977300000000001,12/17/2014 12:00:00 AM,12/31/2014,21582,BUPROPION HYDROCHLORIDE,"TABLET, EXTENDED RELEASE;ORAL",WELLBUTRIN XL,VALEANT INTL,150MG,N,21515,1,AB3,"Aug 28, 2003",Yes,No,RX,VALEANT INTERNATIONAL BARBADOS SRL,"TABLET, EXTENDED RELEASE",ORAL
WELLBUTRIN XL 150MG ORAL,WELLBUTRIN XL 150MG TABLET,187073030,21.92138,12/22/2014,EA,C/I,N,3,B,0.6977300000000001,12/17/2014 12:00:00 AM,12/31/2014,21582,BUPROPION HYDROCHLORIDE,"TABLET, EXTENDED RELEASE;ORAL",WELLBUTRIN XL,VALEANT INTL,150MG,N,21515,1,AB3,"Aug 28, 2003",Yes,No,RX,VALEANT INTERNATIONAL BARBADOS SRL,"TABLET, EXTENDED RELEASE",ORAL
AMBIEN CR 12.5MG ORAL,AMBIEN CR 12.5MG TABLET,24552131,11.55407,10/24/2014,EA,C/I,N,4,B,1.98505,12/17/2014 12:00:00 AM,12/31/2014,19781,ZOLPIDEM TARTRATE,"TABLET, EXTENDED RELEASE;ORAL",AMBIEN CR,SANOFI AVENTIS US,12.5MG,N,21774,1,AB,"Sep 2, 2005",Yes,Yes,RX,SANOFI AVENTIS US LLC,"TABLET, EXTENDED RELEASE",ORAL
STIMATE 0.15MG/SPRAY NASAL,STIMATE 1.5MG/ML NASAL SPRAY,53687100,262.11847,01/01/2015,ML,C/I,N,"3, 5",B,,,12/31/2014,18206,DESMOPRESSIN ACETATE,"SPRAY, METERED;NASAL",STIMATE,FERRING PHARMS INC,0.15MG/SPRAY,N,20355,1,,"Mar 7, 1994",No,No,DISCN,FERRING PHARMACEUTICALS INC,"SPRAY, METERED",NASAL
ZOMIG-ZMT 2.5MG ORAL,ZOMIG ZMT 2.5MG TABLET,310020920,59.27768,11/26/2013,EA,C/I,N,4,B,8.18185,12/18/2013 12:00:00 AM,12/25/2013,22067,ZOLMITRIPTAN,"TABLET, ORALLY DISINTEGRATING;ORAL",ZOMIG-ZMT,ASTRAZENECA,2.5MG,N,21231,1,AB,"Feb 13, 2001",Yes,No,RX,ASTRAZENECA PHARMACEUTICALS LP,"TABLET, ORALLY DISINTEGRATING",ORAL
ZOMIG-ZMT 2.5MG ORAL,ZOMIG ZMT 2.5MG TABLET,64896069151,65.20604,06/30/2014,EA,C/I,N,4,B,7.47722,11/19/2014 12:00:00 AM,12/31/2014,22067,ZOLMITRIPTAN,"TABLET, ORALLY DISINTEGRATING;ORAL",ZOMIG-ZMT,ASTRAZENECA,2.5MG,N,21231,1,AB,"Feb 13, 2001",Yes,No,RX,ASTRAZENECA PHARMACEUTICALS LP,"TABLET, ORALLY DISINTEGRATING",ORAL
LOTEMAX 0.5% OPHTHALMIC,LOTEMAX 0.5% OPHTHALMIC GEL,24208050307,26.578470000000006,04/01/2014,GM,C/I,N,"2, 5",B,,,12/31/2014,7169,LOTEPREDNOL ETABONATE,GEL;OPHTHALMIC,LOTEMAX,BAUSCH AND LOMB INC,0.5%,N,202872,1,,"Sep 28, 2012",Yes,Yes,RX,BAUSCH AND LOMB INC,GEL,OPHTHALMIC
LOTEMAX 0.5% OPHTHALMIC,LOTEMAX 0.5% OPHTHALMIC GEL,24208050307,26.578470000000006,04/01/2014,GM,C/I,N,"2, 5",B,,,12/31/2014,15039,LOTEPREDNOL ETABONATE,OINTMENT;OPHTHALMIC,LOTEMAX,BAUSCH AND LOMB,0.5%,N,200738,1,,"Apr 15, 2011",Yes,Yes,RX,BAUSCH AND LOMB INC,OINTMENT,OPHTHALMIC
LOTEMAX 0.5% OPHTHALMIC,LOTEMAX 0.5% OPHTHALMIC GEL,24208050307,26.578470000000006,04/01/2014,GM,C/I,N,"2, 5",B,,,12/31/2014,18414,LOTEPREDNOL ETABONATE,SUSPENSION/DROPS;OPHTHALMIC,LOTEMAX,BAUSCH AND LOMB,0.5%,N,20583,1,AB,"Mar 9, 1998",Yes,Yes,RX,BAUSCH AND LOMB INC,SUSPENSION/DROPS,OPHTHALMIC
LOTEMAX 0.5% OPHTHALMIC,LOTEMAX 0.5% OPHTHALMIC GEL,24208050307,26.578470000000006,04/01/2014,GM,C/I,N,"2, 5",B,,,12/31/2014,18415,LOTEPREDNOL ETABONATE,SUSPENSION/DROPS;OPHTHALMIC,LOTEMAX,PHARMOS,0.5%,N,20841,1,,"Mar 9, 1998",No,No,DISCN,PHARMOS CORP,SUSPENSION/DROPS,OPHTHALMIC
LAMICTAL ODT 50MG ORAL,LAMICTAL ODT 50MG TABLET,173077402,7.4222899999999985,07/18/2014,EA,C/I,N,4,B,,,12/31/2014,21816,LAMOTRIGINE,"TABLET, ORALLY DISINTEGRATING;ORAL",LAMICTAL ODT,GLAXOSMITHKLINE LLC,50MG,N,22251,2,AB,"May 8, 2009",Yes,Yes,RX,GLAXOSMITHKLINE LLC,"TABLET, ORALLY DISINTEGRATING",ORAL
LAMICTAL ODT 25MG ORAL,LAMICTAL ODT 25MG TABLET,173077202,6.892739999999999,07/18/2014,EA,C/I,N,2,B,,,12/31/2014,21815,LAMOTRIGINE,"TABLET, ORALLY DISINTEGRATING;ORAL",LAMICTAL ODT,GLAXOSMITHKLINE LLC,25MG,N,22251,1,AB,"May 8, 2009",Yes,No,RX,GLAXOSMITHKLINE LLC,"TABLET, ORALLY DISINTEGRATING",ORAL
FAZACLO ODT 200MG ORAL,FAZACLO 200MG ODT,18860010610,22.38471,11/05/2014,EA,C/I,N,4,B,,,12/31/2014,21805,CLOZAPINE,"TABLET, ORALLY DISINTEGRATING;ORAL",FAZACLO ODT,JAZZ,200MG,N,21590,6,,"Jul 9, 2010",Yes,No,DISCN,JAZZ PHARMACEUTICALS IRELAND LTD,"TABLET, ORALLY DISINTEGRATING",ORAL
FAZACLO ODT 200MG ORAL,FAZACLO 200MG ODT,18860010601,22.38471,11/05/2014,EA,C/I,N,4,B,,,12/31/2014,21805,CLOZAPINE,"TABLET, ORALLY DISINTEGRATING;ORAL",FAZACLO ODT,JAZZ,200MG,N,21590,6,,"Jul 9, 2010",Yes,No,DISCN,JAZZ PHARMACEUTICALS IRELAND LTD,"TABLET, ORALLY DISINTEGRATING",ORAL
BILTRICIDE 600MG ORAL,BILTRICIDE 600MG TABLET,50419074701,17.43463,10/21/2014,EA,C/I,N,4,B,,,12/31/2014,24057,PRAZIQUANTEL,TABLET;ORAL,BILTRICIDE,BAYER HLTHCARE,600MG,N,18714,1,AB,"Dec 29, 1982",Yes,Yes,RX,BAYER HEALTHCARE PHARMACEUTICALS INC,TABLET,ORAL
TEGRETOL-XR 400MG ORAL,TEGRETOL XR 400MG TABLET,78051205,3.10802,07/02/2014,EA,C/I,N,2,B,2.38295,12/17/2014 12:00:00 AM,12/31/2014,21438,CARBAMAZEPINE,"TABLET, EXTENDED RELEASE;ORAL",TEGRETOL-XR,NOVARTIS,400MG,N,20234,3,AB,"Mar 25, 1996",Yes,Yes,RX,NOVARTIS PHARMACEUTICALS CORP,"TABLET, EXTENDED RELEASE",ORAL
MIRAPEX ER 1.5MG ORAL,MIRAPEX ER 1.5MG TABLET,597011317,13.08994,03/19/2014,EA,C/I,N,2,B,,,12/31/2014,20749,PRAMIPEXOLE DIHYDROCHLORIDE,"TABLET, EXTENDED RELEASE;ORAL",MIRAPEX ER,BOEHRINGER INGELHEIM,1.5MG,N,22421,3,AB,"Feb 19, 2010",Yes,No,RX,BOEHRINGER INGELHEIM PHARMACEUTICALS INC,"TABLET, EXTENDED RELEASE",ORAL
MIRAPEX ER 1.5MG ORAL,MIRAPEX ER 1.5MG TABLET,597011330,13.08994,03/19/2014,EA,C/I,N,2,B,,,12/31/2014,20749,PRAMIPEXOLE DIHYDROCHLORIDE,"TABLET, EXTENDED RELEASE;ORAL",MIRAPEX ER,BOEHRINGER INGELHEIM,1.5MG,N,22421,3,AB,"Feb 19, 2010",Yes,No,RX,BOEHRINGER INGELHEIM PHARMACEUTICALS INC,"TABLET, EXTENDED RELEASE",ORAL
LAMICTAL XR 300MG ORAL,LAMICTAL XR 300MG TABLET,173076100,21.66225,07/18/2014,EA,C/I,N,4,B,13.16505,12/17/2014 12:00:00 AM,12/31/2014,20370,LAMOTRIGINE,"TABLET, EXTENDED RELEASE;ORAL",LAMICTAL XR,GLAXOSMITHKLINE LLC,300MG,N,22115,5,AB,"Apr 14, 2010",Yes,No,RX,GLAXOSMITHKLINE LLC,"TABLET, EXTENDED RELEASE",ORAL
BETAPACE AF 120MG ORAL,BETAPACE AF 120MG TABLET,50419011906,10.67295,12/23/2014,EA,C/I,N,3,B,0.16055999999999998,12/17/2014 12:00:00 AM,12/31/2014,23965,SOTALOL HYDROCHLORIDE,TABLET;ORAL,BETAPACE AF,COVIS PHARMA BV,120MG,N,21151,2,AB,"Feb 22, 2000",Yes,No,RX,COVIS PHARMA BV,TABLET,ORAL
DITROPAN XL 10MG ORAL,DITROPAN XL 10MG TABLET,50458081001,5.1707,01/07/2014,EA,C/I,N,4,B,0.8508600000000001,12/17/2014 12:00:00 AM,12/31/2014,20059,OXYBUTYNIN CHLORIDE,"TABLET, EXTENDED RELEASE;ORAL",DITROPAN XL,JANSSEN PHARMS,10MG,N,20897,2,AB,"Dec 16, 1998",Yes,No,RX,JANSSEN PHARMACEUTICALS INC,"TABLET, EXTENDED RELEASE",ORAL
NASONEX 0.05MG/SPRAY NASAL,NASONEX 50MCG NASAL SPRAY,85128801,9.8585,08/01/2014,GM,C/I,N,"2, 5",B,,,12/31/2014,18193,MOMETASONE FUROATE,"SPRAY, METERED;NASAL",NASONEX,MERCK SHARP DOHME,0.05MG/SPRAY,N,20762,1,AB,"Oct 1, 1997",Yes,Yes,RX,MERCK SHARP AND DOHME CORP,"SPRAY, METERED",NASAL
PATANASE 0.665MG/SPRAY NASAL,PATANASE 665MCG NASAL SPRAY,65033230,7.97263,10/02/2014,GM,C/I,N,"2, 5",B,,,12/31/2014,18202,OLOPATADINE HYDROCHLORIDE,"SPRAY, METERED;NASAL",PATANASE,NOVARTIS,0.665MG/SPRAY,N,21861,1,AB,"Apr 15, 2008",Yes,Yes,RX,NOVARTIS PHARMACEUTICALS CORP,"SPRAY, METERED",NASAL
LAMICTAL XR 100MG ORAL,LAMICTAL XR 100MG TABLET,173075600,13.51216,07/18/2014,EA,C/I,N,2,B,8.46311,12/17/2014 12:00:00 AM,12/31/2014,20367,LAMOTRIGINE,"TABLET, EXTENDED RELEASE;ORAL",LAMICTAL XR,GLAXOSMITHKLINE LLC,100MG,N,22115,3,AB,"May 29, 2009",Yes,No,RX,GLAXOSMITHKLINE LLC,"TABLET, EXTENDED RELEASE",ORAL
ZIRGAN 0.15% OPHTHALMIC,ZIRGAN 0.15% OPHTHALMIC GEL,24208053535,48.94789,04/01/2014,GM,C/I,N,"2, 5",B,,,12/31/2014,7172,GANCICLOVIR,GEL;OPHTHALMIC,ZIRGAN,BAUSCH AND LOMB,0.15%,N,22211,1,,"Sep 15, 2009",Yes,Yes,RX,BAUSCH AND LOMB INC,GEL,OPHTHALMIC
ZYPREXA ZYDIS 15MG ORAL,ZYPREXA ZYDIS 15MG TABLET,2445501,27.61445,04/23/2014,EA,C/I,N,4,B,3.29733,12/17/2014 12:00:00 AM,12/31/2014,22071,OLANZAPINE,"TABLET, ORALLY DISINTEGRATING;ORAL",ZYPREXA ZYDIS,LILLY,15MG,N,21086,3,AB,"Apr 6, 2000",Yes,No,RX,ELI LILLY AND CO,"TABLET, ORALLY DISINTEGRATING",ORAL
ZYPREXA ZYDIS 15MG ORAL,ZYPREXA ZYDIS 15MG TABLET,2445585,27.61445,04/23/2014,EA,C/I,N,4,B,3.29733,12/17/2014 12:00:00 AM,12/31/2014,22071,OLANZAPINE,"TABLET, ORALLY DISINTEGRATING;ORAL",ZYPREXA ZYDIS,LILLY,15MG,N,21086,3,AB,"Apr 6, 2000",Yes,No,RX,ELI LILLY AND CO,"TABLET, ORALLY DISINTEGRATING",ORAL
MIGRANAL 0.5MG/SPRAY NASAL,MIGRANAL NASAL SPRAY,187024503,346.90426,11/21/2014,ML,C/I,N,"4, 5",B,,,12/31/2014,18180,DIHYDROERGOTAMINE MESYLATE,"SPRAY, METERED;NASAL",MIGRANAL,BAUSCH,0.5MG/SPRAY,N,20148,1,AB,"Dec 8, 1997",Yes,Yes,RX,BAUSCH HEALTH US LLC,"SPRAY, METERED",NASAL
KEPPRA XR 750MG ORAL,KEPPRA XR 750MG TABLET,50474059966,8.45457,11/19/2014,EA,C/I,N,2,B,0.57318,12/17/2014 12:00:00 AM,12/31/2014,20352,LEVETIRACETAM,"TABLET, EXTENDED RELEASE;ORAL",KEPPRA XR,UCB INC,750MG,N,22285,2,AB,"Feb 12, 2009",Yes,Yes,RX,UCB INC,"TABLET, EXTENDED RELEASE",ORAL
TUDORZA PRESSAIR 0.4MG/INH INHALATION,TUDORZA PRESSAIR 400MCG INHALATION,456080060,229.03262,12/06/2013,EA,C/I,N,"3, 5",B,,,12/25/2013,15447,ACLIDINIUM BROMIDE,"POWDER, METERED;INHALATION",TUDORZA PRESSAIR,CIRCASSIA,0.4MG/INH,N,202450,1,,"Jul 23, 2012",Yes,Yes,RX,CIRCASSIA LTD,"POWDER, METERED",INHALATION
TUDORZA PRESSAIR 0.4MG/INH INHALATION,TUDORZA PRESSAIR 400MCG INHALATION,456080031,229.03262,03/19/2014,EA,C/I,N,"2, 5, 6",B,,,03/19/2014,15447,ACLIDINIUM BROMIDE,"POWDER, METERED;INHALATION",TUDORZA PRESSAIR,CIRCASSIA,0.4MG/INH,N,202450,1,,"Jul 23, 2012",Yes,Yes,RX,CIRCASSIA LTD,"POWDER, METERED",INHALATION
KEPPRA XR 500MG ORAL,KEPPRA XR 500MG TABLET,50474059866,5.39888,12/17/2014,EA,C/I,N,1,B,0.39778,12/17/2014 12:00:00 AM,12/31/2014,20351,LEVETIRACETAM,"TABLET, EXTENDED RELEASE;ORAL",KEPPRA XR,UCB INC,500MG,N,22285,1,AB,"Sep 12, 2008",Yes,No,RX,UCB INC,"TABLET, EXTENDED RELEASE",ORAL
INTELENCE 200MG ORAL,INTELENCE 200MG TABLET,59676057101,15.018720000000002,01/07/2014,EA,C/I,N,2,B,,,12/31/2014,29619,ETRAVIRINE,TABLET;ORAL,INTELENCE,JANSSEN R AND D,200MG,N,22187,2,,"Dec 22, 2010",Yes,Yes,RX,JANSSEN RESEARCH AND DEVELOPMENT LLC,TABLET,ORAL
ZOLPIMIST 5MG/SPRAY ORAL,ZOLPIMIST 5MG ORAL SPRAY,95095005,14.10689,07/11/2014,ML,C/I,N,"4, 5",B,,,12/31/2014,18214,ZOLPIDEM TARTRATE,"SPRAY, METERED;ORAL",ZOLPIMIST,AYTU,5MG/SPRAY,N,22196,1,,"Dec 19, 2008",Yes,Yes,RX,AYTU BIOSCIENCE INC,"SPRAY, METERED",ORAL
SENSORCAINE 0.75% SPINAL,SENSORCAINE 0.5% VIAL,63323046757,0.08324,12/17/2014,ML,C/I,N,"4, 5, 6",B,,,12/31/2014,14581,BUPIVACAINE HYDROCHLORIDE,INJECTABLE;SPINAL,SENSORCAINE,FRESENIUS KABI USA,0.75%,A,71202,1,,"Apr 15, 1987",No,No,DISCN,FRESENIUS KABI USA LLC,INJECTABLE,SPINAL
LAMICTAL XR 25MG ORAL,LAMICTAL XR 25MG TABLET,173075400,6.2964,07/18/2014,EA,C/I,N,2,B,3.58042,11/19/2014 12:00:00 AM,12/31/2014,20365,LAMOTRIGINE,"TABLET, EXTENDED RELEASE;ORAL",LAMICTAL XR,GLAXOSMITHKLINE LLC,25MG,N,22115,1,AB,"May 29, 2009",Yes,No,RX,GLAXOSMITHKLINE LLC,"TABLET, EXTENDED RELEASE",ORAL
SPRIX 15.75MG/SPRAY NASAL,SPRIX 15.75MG NASAL SPRAY,517888005,34.768,11/19/2014,EA,C/I,N,"4, 5",B,,,12/31/2014,18204,KETOROLAC TROMETHAMINE,"SPRAY, METERED;NASAL",SPRIX,ZYLA,15.75MG/SPRAY,N,22382,1,,"May 14, 2010",Yes,Yes,RX,ZYLA LIFE SCIENCES US INC,"SPRAY, METERED",NASAL
NEURONTIN 800MG ORAL,NEURONTIN 800MG TABLET,71040124,6.16416,09/17/2014,EA,C/I,N,4,B,0.21958000000000005,12/17/2014 12:00:00 AM,12/31/2014,32646,GABAPENTIN,TABLET;ORAL,NEURONTIN,UPJOHN,800MG,N,20882,2,AB,"Oct 9, 1998",Yes,Yes,RX,UPJOHN US 1 LLC,TABLET,ORAL
LAMICTAL ODT 200MG ORAL,LAMICTAL ODT 200MG TABLET,173077702,9.40007,09/17/2014,EA,C/I,N,2,B,,,12/31/2014,21818,LAMOTRIGINE,"TABLET, ORALLY DISINTEGRATING;ORAL",LAMICTAL ODT,GLAXOSMITHKLINE LLC,200MG,N,22251,4,AB,"May 8, 2009",Yes,No,RX,GLAXOSMITHKLINE LLC,"TABLET, ORALLY DISINTEGRATING",ORAL
ULTRAM ER 200MG ORAL,ULTRAM ER 200MG TABLET,50458065530,9.06822,01/07/2014,EA,C/I,N,4,B,3.2669900000000003,12/17/2014 12:00:00 AM,12/31/2014,21522,TRAMADOL HYDROCHLORIDE,"TABLET, EXTENDED RELEASE;ORAL",ULTRAM ER,VALEANT PHARMS,200MG,N,21692,2,,"Sep 8, 2005",Yes,No,DISCN,VALEANT PHARMACEUTICALS NORTH AMERICA LLC,"TABLET, EXTENDED RELEASE",ORAL
LAMICTAL XR 200MG ORAL,LAMICTAL XR 200MG TABLET,173075700,14.41697,09/17/2014,EA,C/I,N,2,B,8.721680000000001,12/17/2014 12:00:00 AM,12/31/2014,20368,LAMOTRIGINE,"TABLET, EXTENDED RELEASE;ORAL",LAMICTAL XR,GLAXOSMITHKLINE LLC,200MG,N,22115,4,AB,"May 29, 2009",Yes,Yes,RX,GLAXOSMITHKLINE LLC,"TABLET, EXTENDED RELEASE",ORAL
MIRAPEX ER 4.5MG ORAL,MIRAPEX ER 4.5MG TABLET,597011630,13.13813,09/17/2014,EA,C/I,N,4,B,,,12/31/2014,20753,PRAMIPEXOLE DIHYDROCHLORIDE,"TABLET, EXTENDED RELEASE;ORAL",MIRAPEX ER,BOEHRINGER INGELHEIM,4.5MG,N,22421,5,AB,"Feb 19, 2010",Yes,No,RX,BOEHRINGER INGELHEIM PHARMACEUTICALS INC,"TABLET, EXTENDED RELEASE",ORAL
TEVETEN HCT 600MG;12.5MG ORAL,TEVETEN HCT 600-12.5MG TABLET ORAL,74301511,4.53276,07/01/2014,EA,C/I,N,4,B,,,12/31/2014,36816,EPROSARTAN MESYLATE; HYDROCHLOROTHIAZIDE,TABLET;ORAL,TEVETEN HCT,ABBVIE,600MG;12.5MG,N,21268,1,,"Nov 1, 2001",No,No,DISCN,ABBVIE INC,TABLET,ORAL
LAMICTAL ODT 100MG ORAL,LAMICTAL ODT 100MG TABLET,173077602,7.936439999999998,07/18/2014,EA,C/I,N,2,B,,,12/31/2014,21817,LAMOTRIGINE,"TABLET, ORALLY DISINTEGRATING;ORAL",LAMICTAL ODT,GLAXOSMITHKLINE LLC,100MG,N,22251,3,AB,"May 8, 2009",Yes,No,RX,GLAXOSMITHKLINE LLC,"TABLET, ORALLY DISINTEGRATING",ORAL
ENSTILAR 0.064%;0.005% TOPICAL,ENSTILAR 0.005%-0.064% FOAM,50222030266,13.30954,05/18/2016,GM,C/I,N,"2, 5",B,,,12/28/2016,14,BETAMETHASONE DIPROPIONATE; CALCIPOTRIENE,"AEROSOL, FOAM;TOPICAL",ENSTILAR,LEO PHARMA AS,0.064%;0.005%,N,207589,1,,"Oct 16, 2015",Yes,Yes,RX,LEO PHARMA AS,"AEROSOL, FOAM",TOPICAL
ENSTILAR 0.064%;0.005% TOPICAL,ENSTILAR 0.005%-0.064% FOAM,50222030260,13.30954,05/18/2016,GM,C/I,N,"2, 5",B,,,12/28/2016,14,BETAMETHASONE DIPROPIONATE; CALCIPOTRIENE,"AEROSOL, FOAM;TOPICAL",ENSTILAR,LEO PHARMA AS,0.064%;0.005%,N,207589,1,,"Oct 16, 2015",Yes,Yes,RX,LEO PHARMA AS,"AEROSOL, FOAM",TOPICAL
HYSINGLA ER 80MG ORAL,HYSINGLA ER 80MG TABLET,59011027560,24.62523,12/21/2016,EA,C/I,N,1,B,,,12/28/2016,20281,HYDROCODONE BITARTRATE,"TABLET, EXTENDED RELEASE;ORAL",HYSINGLA ER,PURDUE PHARMA LP,80MG,N,206627,5,,"Nov 20, 2014",Yes,No,RX,PURDUE PHARMA LP,"TABLET, EXTENDED RELEASE",ORAL
NARCAN 4MG/SPRAY NASAL,NARCAN 4MG NASAL SPRAY,69547035302,60.96833,08/17/2016,EA,C/I,N,"2, 5",B,,,12/28/2016,18186,NALOXONE HYDROCHLORIDE,"SPRAY, METERED;NASAL",NARCAN,ADAPT,4MG/SPRAY,N,208411,1,,"Nov 18, 2015",Yes,Yes,RX,ADAPT PHARMA OPERATIONS LTD,"SPRAY, METERED",NASAL
LAMICTAL XR 250MG ORAL,LAMICTAL XR 250MG TABLET,173078100,28.69955,02/17/2016,EA,C/I,N,4,B,11.76556,12/21/2016 12:00:00 AM,12/28/2016,20369,LAMOTRIGINE,"TABLET, EXTENDED RELEASE;ORAL",LAMICTAL XR,GLAXOSMITHKLINE LLC,250MG,N,22115,6,AB,"Jun 21, 2011",Yes,No,RX,GLAXOSMITHKLINE LLC,"TABLET, EXTENDED RELEASE",ORAL
DILAUDID 5MG/5ML ORAL,DILAUDID 5MG/5ML ORAL LIQUID,42858041616,0.85206,07/12/2017,ML,C/I,N,"4, 5",B,0.30646,11/22/2017 12:00:00 AM,12/27/2017,17354,HYDROMORPHONE HYDROCHLORIDE,SOLUTION;ORAL,DILAUDID,RHODES PHARMS,5MG/5ML,N,19891,1,AA,"Dec 7, 1992",Yes,Yes,RX,RHODES PHARMACEUTICALS LP,SOLUTION,ORAL
COTEMPLA XR-ODT 25.9MG ORAL,COTEMPLA XR-ODT 25.9MG TABLET,70165030030,10.3424,12/20/2017,EA,C/I,N,1,B,,,12/27/2017,21699,METHYLPHENIDATE,"TABLET, ORALLY DISINTEGRATING, EXTENDED RELEASE;ORAL",COTEMPLA XR-ODT,NEOS THERAPS INC,25.9MG,N,205489,3,,"Jun 19, 2017",Yes,Yes,RX,NEOS THERAPEUTICS INC,"TABLET, ORALLY DISINTEGRATING, EXTENDED RELEASE",ORAL
INVOKAMET XR 150MG;500MG ORAL,INVOKAMET XR 150-500MG TABLET,50458094201,6.84019,08/23/2017,EA,C/I,N,4,B,,,12/27/2017,20299,CANAGLIFLOZIN; METFORMIN HYDROCHLORIDE,"TABLET, EXTENDED RELEASE;ORAL",INVOKAMET XR,JANSSEN PHARMS,150MG;500MG,N,205879,3,,"Sep 20, 2016",Yes,No,RX,JANSSEN PHARMACEUTICALS INC,"TABLET, EXTENDED RELEASE",ORAL
EPCLUSA 400MG;100MG ORAL,EPCLUSA 400MG-100MG TABLET,61958220101,869.4558300000001,12/13/2017,EA,C/I,N,4,B,,,12/27/2017,27061,SOFOSBUVIR; VELPATASVIR,TABLET;ORAL,EPCLUSA,GILEAD SCIENCES INC,400MG;100MG,N,208341,1,,"Jun 28, 2016",Yes,Yes,RX,GILEAD SCIENCES INC,TABLET,ORAL
SOLOSEC 2GM/PACKET ORAL,SOLOSEC 2 GM GRANULE PACKET,27437005101,257.172,09/19/2018,EA,C/I,N,2,B,,,12/26/2018,7398,SECNIDAZOLE,GRANULE;ORAL,SOLOSEC,LUPIN,2GM/PACKET,N,209363,1,,"Sep 15, 2017",Yes,Yes,RX,LUPIN INC,GRANULE,ORAL
ZOMIG 2.5MG/SPRAY NASAL,ZOMIG 2.5MG NASAL SPRAY,64896068251,77.55400999999998,12/05/2018,EA,C/I,N,"4, 5",B,,,12/26/2018,18229,ZOLMITRIPTAN,SPRAY;NASAL,ZOMIG,ASTRAZENECA,2.5MG/SPRAY,N,21450,3,,"Sep 16, 2013",Yes,No,RX,ASTRAZENECA PHARMACEUTICALS LP,SPRAY,NASAL
DALIRESP 250MCG ORAL,DALIRESP 250MCG TABLET,310008828,11.54754,01/01/2019,EA,C/I,N,3,B,,,12/26/2018,25953,ROFLUMILAST,TABLET;ORAL,DALIRESP,ASTRAZENECA PHARMS,250MCG,N,22522,2,,"Jan 23, 2018",Yes,No,RX,ASTRAZENECA PHARMACEUTICALS LP,TABLET,ORAL
DALIRESP 250MCG ORAL,DALIRESP 250MCG TABLET,310008839,11.54754,01/01/2019,EA,C/I,N,3,B,,,12/26/2018,25953,ROFLUMILAST,TABLET;ORAL,DALIRESP,ASTRAZENECA PHARMS,250MCG,N,22522,2,,"Jan 23, 2018",Yes,No,RX,ASTRAZENECA PHARMACEUTICALS LP,TABLET,ORAL
MORPHABOND ER 30MG ORAL,MORPHABOND ER 30MG TABLET,65597030210,11.08189,10/05/2018,EA,C/I,N,2,B,,,12/26/2018,20755,MORPHINE SULFATE,"TABLET, EXTENDED RELEASE;ORAL",MORPHABOND ER,DAIICHI SANKYO INC,30MG,N,206544,2,,"Oct 2, 2015",Yes,No,DISCN,DAIICHI SANKYO INC,"TABLET, EXTENDED RELEASE",ORAL
COTEMPLA XR-ODT 8.6MG ORAL,COTEMPLA XR-ODT 8.6MG TABLET,70165010030,10.94711,10/17/2018,EA,C/I,N,2,B,,,12/26/2018,21697,METHYLPHENIDATE,"TABLET, ORALLY DISINTEGRATING, EXTENDED RELEASE;ORAL",COTEMPLA XR-ODT,NEOS THERAPS INC,8.6MG,N,205489,1,,"Jun 19, 2017",Yes,No,RX,NEOS THERAPEUTICS INC,"TABLET, ORALLY DISINTEGRATING, EXTENDED RELEASE",ORAL
COTEMPLA XR-ODT 17.3MG ORAL,COTEMPLA XR-ODT 17.3MG TABLET,70165020030,10.94647,08/07/2018,EA,C/I,N,2,B,,,12/26/2018,21698,METHYLPHENIDATE,"TABLET, ORALLY DISINTEGRATING, EXTENDED RELEASE;ORAL",COTEMPLA XR-ODT,NEOS THERAPS INC,17.3MG,N,205489,2,,"Jun 19, 2017",Yes,No,RX,NEOS THERAPEUTICS INC,"TABLET, ORALLY DISINTEGRATING, EXTENDED RELEASE",ORAL
MORPHABOND ER 15MG ORAL,MORPHABOND ER 15MG TABLET,65597030110,5.52519,10/05/2018,EA,C/I,N,4,B,,,12/26/2018,20754,MORPHINE SULFATE,"TABLET, EXTENDED RELEASE;ORAL",MORPHABOND ER,DAIICHI SANKYO INC,15MG,N,206544,1,,"Oct 2, 2015",Yes,No,DISCN,DAIICHI SANKYO INC,"TABLET, EXTENDED RELEASE",ORAL
YUPELRI 175MCG/3ML INHALATION,YUPELRI 175MCG/3ML SOLUTION,49502080693,10.95031,10/23/2019,ML,C/I,N,"2, 5",B,,,12/25/2019,16543,REVEFENACIN,SOLUTION;INHALATION,YUPELRI,MYLAN IRELAND LTD,175MCG/3ML,N,210598,1,,"Nov 9, 2018",Yes,Yes,RX,MYLAN IRELAND LTD,SOLUTION,INHALATION
NUVESSA 1.3% VAGINAL,NUVESSA VAGINAL 1.3% GEL,642746605,35.15767,08/21/2019,GM,C/I,N,"2, 5",B,,,12/25/2019,7349,METRONIDAZOLE,GEL;VAGINAL,NUVESSA,CHEMO RESEARCH SL,1.3%,N,205223,1,,"Mar 24, 2014",Yes,Yes,RX,CHEMO RESEARCH SL,GEL,VAGINAL
FYCOMPA 0.5MG/ML ORAL,FYCOMPA 0.5MG/ML ORAL SUSP,62856029038,3.47091,05/22/2019,ML,C/I,N,"4, 5",B,,,12/25/2019,18588,PERAMPANEL,SUSPENSION;ORAL,FYCOMPA,EISAI INC,0.5MG/ML,N,208277,1,,"Apr 29, 2016",Yes,Yes,RX,EISAI INC,SUSPENSION,ORAL
LYRICA CR 165MG ORAL,LYRICA CR 165MG TABLET,71102701,12.80393,08/21/2019,EA,C/I,N,4,B,,,12/25/2019,20496,PREGABALIN,"TABLET, EXTENDED RELEASE;ORAL",LYRICA CR,PFIZER,165MG,N,209501,2,,"Oct 11, 2017",Yes,No,RX,PFIZER PFE US HOLDINGS 4 LLC,"TABLET, EXTENDED RELEASE",ORAL
NAYZILAM 5MG/SPRAY NASAL,NAYZILAM 5MG NASAL SPRAY,50474050015,263.97923,03/18/2020,EA,C/I,N,"2, 5",B,,,09/09/2020,18220,MIDAZOLAM,SPRAY;NASAL,NAYZILAM,UCB INC,5MG/SPRAY,N,211321,1,,"May 17, 2019",Yes,Yes,RX,UCB INC,SPRAY,NASAL
LYRICA CR 330MG ORAL,LYRICA CR 330MG TABLET,71102901,13.45667,03/18/2020,EA,C/I,N,4,B,,,09/09/2020,20497,PREGABALIN,"TABLET, EXTENDED RELEASE;ORAL",LYRICA CR,PFIZER,330MG,N,209501,3,,"Oct 11, 2017",Yes,Yes,RX,PFIZER PFE US HOLDINGS 4 LLC,"TABLET, EXTENDED RELEASE",ORAL
EVEKEO ODT 10MG ORAL,EVEKEO ODT 10MG,24338003301,6.3754300000000015,02/19/2020,EA,C/I,N,4,B,,,09/09/2020,21797,AMPHETAMINE SULFATE,"TABLET, ORALLY DISINTEGRATING;ORAL",EVEKEO ODT,ARBOR PHARMS LLC,10MG,N,209905,2,,"Jan 30, 2019",Yes,No,RX,ARBOR PHARMACEUTICALS LLC,"TABLET, ORALLY DISINTEGRATING",ORAL
